1793940	OL226803A	/type/author	Gilbert Adair
727918	OL1050930A	/type/author	Frank Yerby
484728	OL23643A	/type/author	Frank E. Peretti
1060171	OL1388250A	/type/author	Ted Dekker
711771	OL398050A	/type/author	Jacqueline Carey
3834236	OL28662A	/type/author	Diana L. Paxson
2376633	OL450011A	/type/author	Fred Bodsworth
82413	OL56353A	/type/author	Boris Vian
5368580	OL1450328A	/type/author	Gianrico Carofiglio
1624755	OL1479823A	/type/author	Alice Sebold
698259	OL27272A	/type/author	Joseph Roth
732652	OL198962A	/type/author	John Saul
594907	OL1279321A	/type/author	Elinor Glyn
22614	OL20646A	/type/author	Oscar Wilde
614146	OL388344A	/type/author	Guy Vanderhaeghe
3018952	OL20476A	/type/author	Ann Rinaldi
943049	OL418477A	/type/author	Ross Macdonald
2784338	OL812291A	/type/author	Robert Lawson
159533	OL220659A	/type/author	Luke Rhinehart
1892230	OL526737A	/type/author	Eric L. Harry
1763600	OL2623131A	/type/author	Susan Hill
284301	OL281439A	/type/author	W. P. Kinsella
571872	OL1475013A	/type/author	William R. Forstchen
5269882	OL578294A	/type/author	Burl Barer
104139	OL4373810A	/type/author	Mary Renault
2908435	OL4728417A	/type/author	Isabelle Holland
1064183	OL27888A	/type/author	Marianne Williamson
256752	OL22570A	/type/author	Jonathan Kellerman
5866243	OL161324A	/type/author	Carolyn Sherwin Bailey
822149	OL39475A	/type/author	Stephen Hunter
287615	OL180670A	/type/author	William Henry Hudson
884963	OL35895A	/type/author	Daniel Keyes
4667	OL41878A	/type/author	Boris Pasternak
3064492	OL1579484A	/type/author	Alistair Beaton
63274	OL18374A	/type/author	Arthur Schnitzler
403520	OL96984A	/type/author	Orhan Pamuk
12333	OL18524A	/type/author	G. K. Chesterton
3891252	OL216245A	/type/author	Kaye Gibbons
6135389	OL538879A	/type/author	Lee Goldberg
514472	OL2703242A	/type/author	Tayeb Salih
2783263	OL454762A	/type/author	Karen Cushman
1466279	OL45046A	/type/author	Celia S. Friedman
581028	OL2675340A	/type/author	Caleb Carr
3493289	OL448584A	/type/author	Sue Monk Kidd
1860421	OL576816A	/type/author	Tim Lucas
1574778	OL2703826A	/type/author	Edward Irving Wortis
372550	OL18766A	/type/author	Kathy Tyers
95408	OL126562A	/type/author	Baroness Orczy
300706	OL445483A	/type/author	Derrick Jensen
148351	OL31872A	/type/author	William Styron
22068	OL1510013A	/type/author	Naomi Klein
2646216	OL41748A	/type/author	Denis Guedj
877014	OL231747A	/type/author	Judith Viorst
843537	OL1604760A	/type/author	Robin Jarvis
925035	OL1394901A	/type/author	Jonathan Safran Foer
950853	OL767331A	/type/author	Alan E. Nourse
4036875	OL26633A	/type/author	Lois Duncan
1119167	OL688478A	/type/author	John McGahern
4458130	OL24967A	/type/author	Rosemary Wells
43153	OL2630454A	/type/author	Richard Wright
849703	OL391847A	/type/author	Gregory Mcdonald
3509809	OL606079A	/type/author	Diane Hoh
1337133	OL1319733A	/type/author	Ethel Lilian Voynich
2861037	OL29215A	/type/author	Rupert Thomson
2260950	OL129940A	/type/author	P. H. Newby
16129	OL2644956A	/type/author	John Brunner
34126	OL335424A	/type/author	William Golding
2619523	OL27253A	/type/author	David Fromkin
1331861	OL32734A	/type/author	Sid Fleischman
5590289	OL1392338A	/type/author	P. J. Tracy
6312000	OL1432532A	/type/author	John Boyne
38293	OL554155A	/type/author	Arthur Machen
208558	OL342629A	/type/author	Johann David Wyss
5190706	OL77010A	/type/author	Nick Earls
6815305	OL1195009A	/type/author	Eric Hodgins
1592911	OL1177118A	/type/author	Wilhelm Jensen
56881	OL29586A	/type/author	Arnold Bennett
498969	OL118219A	/type/author	Daniel J. Boorstin
857794	OL23255A	/type/author	Jerry Stahl
2769747	OL22928A	/type/author	Gail Carson Levine
6173486	OL27270A	/type/author	Paul Levinson
146769	OL2622548A	/type/author	George MacDonald
157994	OL228079A	/type/author	Isabel Allende
5797024	OL20520A	/type/author	Marguerite de Angeli
27640	OL29858A	/type/author	Samuel Beckett
7073866	OL2016748A	/type/author	Talbot Baines Reed
460799	OL22184A	/type/author	Ann Granger
61838	OL456240A	/type/author	Rohinton Mistry
286851	OL22012A	/type/author	Larry McMurtry
16871872	OL2748339A	/type/author	David Weber
2916748	OL43146A	/type/author	William C. Dietz
3601356	OL318444A	/type/author	Garry Kilworth
23677	OL24072A	/type/author	Poul Anderson
2336689	OL1392576A	/type/author	Cecelia Ahern
3830118	OL240678A	/type/author	Lynne Rae Perkins
241842	OL29483A	/type/author	Andrew Clements
1955379	OL1427597A	/type/author	Lauren Weisberger
2471712	OL1392898A	/type/author	Alisa Valdes-Rodriguez
2275016	OL458624A	/type/author	Richard A. Knaak
4517901	OL19057A	/type/author	Christopher Paul Curtis
1964162	OL766024A	/type/author	Hillary Waugh
1140950	OL1516380A	/type/author	Adam Thirlwell
16807	OL19986A	/type/author	Kim Stanley Robinson
408480	OL1482571A	/type/author	Amy Sedaris
2345032	OL2875807A	/type/author	Paul Dinello
335195	OL2875808A	/type/author	Stephen Colbert
1482500	OL1393152A	/type/author	Kevin Guilfoile
978276	OL2644077A	/type/author	John Birmingham
1094504	OL1070502A	/type/author	A. J. Quinnell
792790	OL66432A	/type/author	Emilio Salgari
4606561	OL162026A	/type/author	Lois Lenski
4110342	OL240177A	/type/author	Robert Ferrigno
368209	OL605472A	/type/author	David Michelinie
34381	OL2623083A	/type/author	Yevgeny Zamyatin
3321911	OL1427775A	/type/author	Rebecca Moesta
80026	OL220575A	/type/author	Michael Marshall Smith
319743	OL93286A	/type/author	Joaquim Maria Machado de Assis
875281	OL290608A	/type/author	Robin Klein
4188	OL1195539A	/type/author	Brion Gysin
3256686	OL2644755A	/type/author	Chris Bohjalian
1074155	OL1428037A	/type/author	Philip Reeve
5769	OL232499A	/type/author	C. S. Forester
528088	OL202747A	/type/author	Jaan Kross
391092	OL29961A	/type/author	Wallace Stegner
1203403	OL241478A	/type/author	Philippa Pearce
60730	OL2628573A	/type/author	Lucy Maud Montgomery
640717	OL2348150A	/type/author	Richard Preston
1054282	OL1194994A	/type/author	Louise Fitzhugh
78497	OL450487A	/type/author	Jeff Noon
166498	OL676051A	/type/author	Robert Shea
1194329	OL22019A	/type/author	Virginia C. Andrews
1880186	OL399295A	/type/author	Matthew Stover
17078	OL221740A	/type/author	K. W. Jeter
169873	OL229685A	/type/author	Nick Hornby
1330851	OL22168A	/type/author	Judith McNaught
762288	OL2691443A	/type/author	Charles Nordhoff
765920	OL399687A	/type/author	James Norman Hall
5470311	OL2660262A	/type/author	Åke Edwardson
708826	OL341773A	/type/author	Lewis Grassic Gibbon
2782396	OL19954A	/type/author	T. A. Barron
2085201	OL23459A	/type/author	James Kelman
82683	OL395866A	/type/author	Elliot S! Maggin
315395	OL71604A	/type/author	Simon Raven
5788101	OL450110A	/type/author	Patricia MacLachlan
642847	OL233959A	/type/author	Diane Duane
3700311	OL2308370A	/type/author	Florence L. Barclay
206635	OL382686A	/type/author	Walter M. Miller, Jr.
21018	OL120205A	/type/author	Marcel Proust
848543	OL227384A	/type/author	Ben Marcus
4357598	OL411064A	/type/author	John Vornholt
3253270	OL227697A	/type/author	Lynley Dodd
1138460	OL67776A	/type/author	Russell Miller
989965	OL29910A	/type/author	Tony Earley
199995	OL22022A	/type/author	Barbara Cartland
1698400	OL2704045A	/type/author	Cornelia Funke
4667015	OL20414A	/type/author	Virginia Hamilton
2398116	OL1514878A	/type/author	Jaclyn Moriarty
1603729	OL23294A	/type/author	Dennis Lehane
379756	OL2481089A	/type/author	Tom Gleisner
63376	OL1391432A	/type/author	Evelyn Waugh
2934728	OL535159A	/type/author	Seamus Deane
664084	OL928661A	/type/author	Richard Yates
334683	OL1808739A	/type/author	Eric Rucker Eddison
3218616	OL1392435A	/type/author	Julian Stockwin
63914	OL217374A	/type/author	Chaim Potok
5564310	OL24323A	/type/author	Jean-Christophe Rufin
229139	OL64552A	/type/author	William Thomas Beckford
34452	OL226273A	/type/author	Zora Neale Hurston
96904	OL217730A	/type/author	Alex Haley
275574	OL109674A	/type/author	Will Durant
224720	OL68612A	/type/author	Tobias Smollett
89878	OL24098A	/type/author	Brian Lumley
6115270	OL394799A	/type/author	Michael Reaves
1758306	OL772034A	/type/author	Michael P. Kube-McDowell
192006	OL47492A	/type/author	Christopher Morley
2768625	OL18806A	/type/author	John Nichols
904537	OL717212A	/type/author	Bapsi Sidhwa
504845	OL25918A	/type/author	Robert Erskine Childers
9549	OL2629146A	/type/author	Edgar Allan Poe
1752178	OL2623139A	/type/author	Meindert DeJong
3876202	OL3021356A	/type/author	D. Harlan Wilson
451404	OL39282A	/type/author	Rona Jaffe
162442	OL19603A	/type/author	Booth Tarkington
465923	OL228925A	/type/author	William Horwood
26773	OL59373A	/type/author	Stendhal
517143	OL114139A	/type/author	Oliver Wendell Holmes, Sr.
603717	OL242980A	/type/author	John Gardner
148277	OL2570949A	/type/author	Robert Michael Ballantyne
79953	OL720924A	/type/author	Jeffrey Eugenides
100938	OL296646A	/type/author	Michael Ende
91868	OL221111A	/type/author	Karen Hesse
3382	OL1483759A	/type/author	Britney Spears
3053853	OL382608A	/type/author	James Lincoln Collier
204270	OL340831A	/type/author	Algis Budrys
1078089	OL34295A	/type/author	P. N. Elrod
1486131	OL769264A	/type/author	Ellen Raskin
1073676	OL34163A	/type/author	Anita Desai
2661072	OL379092A	/type/author	Minfong Ho
417548	OL2676660A	/type/author	Mike Resnick
51684	OL30224A	/type/author	Thornton Wilder
195086	OL498120A	/type/author	Harper Lee
233546	OL81486A	/type/author	Jostein Gaarder
546878	OL885338A	/type/author	John Steakley
3027181	OL144229A	/type/author	Marghanita Laski
337013	OL535752A	/type/author	John Knowles
51029	OL796062A	/type/author	George Alec Effinger
292930	OL229997A	/type/author	Jeanette Winterson
850720	OL19673A	/type/author	Robert Cormier
647646	OL234532A	/type/author	Robert Reed
4084980	OL2657370A	/type/author	Mary Kirchoff
804245	OL2675309A	/type/author	Håkan Nesser
5753208	OL765158A	/type/author	Maxine Paetro
5360281	OL20061A	/type/author	Walter Kirn
16017	OL539879A	/type/author	Joanna Russ
539978	OL61475A	/type/author	Jerzy Andrzejewski
33726	OL19725A	/type/author	Washington Irving
499968	OL117832A	/type/author	Erskine Caldwell
181376	OL217475A	/type/author	Bret Easton Ellis
4689764	OL408869A	/type/author	Natalie Babbitt
756364	OL4341376A	/type/author	Gavin Lyall
1254202	OL607727A	/type/author	Andrew Neiderman
144853	OL28314A	/type/author	Dashiell Hammett
288128	OL32650A	/type/author	Peter Straub
95185	OL134914A	/type/author	Frantz Fanon
315864	OL829563A	/type/author	Eiji Yoshikawa
57541	OL21169A	/type/author	Walker Percy
226105	OL2658140A	/type/author	Bill Drummond
1392024	OL301491A	/type/author	Esther Forbes
146905	OL30012A	/type/author	Farley Mowat
666574	OL448591A	/type/author	Joseph Wambaugh
6478279	OL26232A	/type/author	Elizabeth Strout
49619	OL20498A	/type/author	Mercedes Lackey
1997346	OL1478065A	/type/author	David Kushner
6898889	OL2763984A	/type/author	Justin Somper
573667	OL438947A	/type/author	Wilhelm Hauff
1426741	OL470666A	/type/author	David Garnett
6251203	OL1434781A	/type/author	Laila Lalami
3141412	OL227505A	/type/author	Jack D. Schwager
191870	OL560345A	/type/author	William Gaddis
327073	OL222146A	/type/author	Ian McEwan
2577932	OL1087885A	/type/author	Mary Johnston
249550	OL1201416A	/type/author	John Braine
678055	OL956547A	/type/author	Hayford Peirce
4254398	OL1388326A	/type/author	Michael Hoeye
60962	OL3024612A	/type/author	Kathryn H. Kidd
53388	OL2689314A	/type/author	William F. Nolan
1285799	OL2786487A	/type/author	George Clayton Johnson
59600	OL31084A	/type/author	Charles Bukowski
647169	OL151775A	/type/author	Katherine Anne Porter
2579691	OL22819A	/type/author	Paul Fleischman
308039	OL27951A	/type/author	Andre Norton
794050	OL2702395A	/type/author	Lawrence Miles
93585	OL230288A	/type/author	Don DeLillo
3166055	OL1975231A	/type/author	Peter Ward
577658	OL81831A	/type/author	William Peter Blatty
625107	OL2688045A	/type/author	Walter D. Edmonds
959993	OL32519A	/type/author	Jane Smiley
1181034	OL22322A	/type/author	Suzy McKee Charnas
1779016	OL1479546A	/type/author	Stel Pavlou
2182794	OL2747580A	/type/author	Ann Carol Crispin
3504091	OL2948809A	/type/author	Roger Leloup
539670	OL18973A	/type/author	Marjorie Kinnan Rawlings
838355	OL2659889A	/type/author	Charlie Higson
320696	OL539458A	/type/author	Radclyffe Hall
105998	OL2675074A	/type/author	Pär Lagerkvist
209276	OL34125A	/type/author	James Weldon Johnson
75344	OL20196A	/type/author	Max Allan Collins
1811848	OL1315728A	/type/author	Janet Fitch
178759	OL104867A	/type/author	Arundhati Roy
82429	OL150257A	/type/author	Dino Buzzati
63187	OL122169A	/type/author	Erich Maria Remarque
1244143	OL27736A	/type/author	Sharon Shinn
1098693	OL2690560A	/type/author	Lady Morgan
6839177	OL1433627A	/type/author	Cherie Priest
5918383	OL1394506A	/type/author	Jilliane Hoffman
5809995	OL2677261A	/type/author	Charles Finger
258998	OL80172A	/type/author	Jan Guillou
3166540	OL777030A	/type/author	Jonathan Latimer
3349238	OL1394028A	/type/author	Steph Swainston
887474	OL468055A	/type/author	Antal Szerb
44490	OL21506A	/type/author	Charles Fort
3451184	OL2725579A	/type/author	Marjorie B. Kellogg
4963804	OL2629727A	/type/author	Margery Williams
1704950	OL980552A	/type/author	Audrey Niffenegger
252727	OL19269A	/type/author	Leon Uris
36679	OL20887A	/type/author	Milan Kundera
690858	OL1264211A	/type/author	Kamala Purnaiya Taylor
227124	OL325801A	/type/author	James A. Michener
16356	OL220399A	/type/author	Jerry Pournelle
353388	OL343157A	/type/author	Charles Stross
5732215	OL1426968A	/type/author	Daniel H. Wilson
226043	OL25582A	/type/author	Tim O'Brien
465954	OL27719A	/type/author	Robert Jay Lifton
1285282	OL126223A	/type/author	Aleksey Nikolayevich Tolstoy
788414	OL4738068A	/type/author	Harry Kemelman
5162187	OL1393570A	/type/author	Clare B. Dunkle
3281257	OL2624297A	/type/author	Alaa Al Aswany
5614428	OL2101837A	/type/author	Joseph Krumgold
2125961	OL2628313A	/type/author	Stephen Knight
439329	OL293005A	/type/author	Ruth Sawyer
2527537	OL446568A	/type/author	Mark Behr
3290784	OL2660203A	/type/author	Samit Basu
7062870	OL1838686A	/type/author	T. C. Worsley
4583173	OL1481108A	/type/author	Nafeez Mosaddeq Ahmed
5734594	OL1191735A	/type/author	Lloyd Wendt
5734622	OL857193A	/type/author	Herman Kogan
203006	OL146594A	/type/author	Rosemary Sutcliff
993120	OL113174A	/type/author	W. H. Davies
60315	OL135196A	/type/author	Iris Murdoch
1720942	OL1400256A	/type/author	Andrew Breitbart
2248737	OL61770A	/type/author	Christopher Brookmyre
678937	OL443134A	/type/author	Pat Conroy
90216	OL222692A	/type/author	John Varley
381507	OL225331A	/type/author	Colleen McCullough
45053	OL196360A	/type/author	Georges Perec
647738	OL20389A	/type/author	Irving Stone
62133	OL1306242A	/type/author	Pierre Berton
4702179	OL537115A	/type/author	Elizabeth Kerner
1892085	OL958919A	/type/author	James Luceno
843534	OL1810953A	/type/author	James Leo Herlihy
2901362	OL1765396A	/type/author	John Boyd
3503488	OL39639A	/type/author	Eleanor Estes
320172	OL32981A	/type/author	Joyce Carol Oates
172101	OL764502A	/type/author	Jonathan Franzen
4044917	OL2658552A	/type/author	James Marshall
1353374	OL385906A	/type/author	Edward Rutherfurd
187308	OL1454821A	/type/author	Richard Ford
545208	OL27042A	/type/author	Raymond Briggs
162091	OL23761A	/type/author	Kenneth Grahame
25022	OL190100A	/type/author	Paul Auster
2174735	OL400487A	/type/author	Hannah Hurnard
1965065	OL231041A	/type/author	Chitra Banerjee Divakaruni
1623897	OL23247A	/type/author	Judith Tarr
2141367	OL4429430A	/type/author	Jack Schaefer
5353409	OL19675A	/type/author	Richard Peck
65139	OL23326A	/type/author	H. Rider Haggard
1164642	OL29905A	/type/author	Rose Tremain
1033702	OL33326A	/type/author	Tim Winton
6555780	OL317672A	/type/author	Edward Bloor
2832541	OL2980864A	/type/author	Harold MacGrath
3102804	OL317224A	/type/author	John Fox, Jr.
201658	OL795451A	/type/author	A. J. Cronin
320017	OL834541A	/type/author	Robert Harris
4116765	OL20893A	/type/author	Kent Haruf
76640	OL20108A	/type/author	John Ruskin
16266	OL617722A	/type/author	John Polidori
3372871	OL296516A	/type/author	Frances Itani
770162	OL207696A	/type/author	Shashi Tharoor
1716256	OL41919A	/type/author	Monica Hughes
4357937	OL1391302A	/type/author	Laura J. Burns
4357933	OL36215A	/type/author	Melinda Metz
5496996	OL24206A	/type/author	Adam Rapp
139177	OL55200A	/type/author	Nikolai Gogol
5130376	OL2875995A	/type/author	Gary Holian
4245106	OL2875996A	/type/author	Erik Mona
600560	OL714846A	/type/author	Emma Bull
5037324	OL446192A	/type/author	Anne Golon
316072	OL39411A	/type/author	John Fante
747194	OL1388270A	/type/author	John Ringo
472539	OL554759A	/type/author	Richard Condon
70002	OL20734A	/type/author	Murray Bail
25701	OL135531A	/type/author	Robert Musil
92175	OL54732A	/type/author	Ann Radcliffe
1549507	OL33536A	/type/author	Nancy Garden
209396	OL26221A	/type/author	Scott Turow
267084	OL23390A	/type/author	M. K. Wren
3276415	OL2657104A	/type/author	Stephen Gray
4561	OL78952A	/type/author	Brian Aldiss
180270	OL240991A	/type/author	Jhumpa Lahiri
194037	OL223348A	/type/author	Raymond Carver
25706924	OL422052A	/type/author	Yann Martel
428792	OL22780A	/type/author	Michael Frayn
49617	OL79063A	/type/author	Susan Cooper
323468	OL450089A	/type/author	Oscar Zeta Acosta
140356	OL199240A	/type/author	Antonia Fraser
1237299	OL2629109A	/type/author	Patrick McCabe
31368	OL142404A	/type/author	T. H. White
479225	OL22586A	/type/author	Mary Higgins Clark
1958300	OL766697A	/type/author	Michelle Magorian
838312	OL1125938A	/type/author	Raymond Postgate
433440	OL218444A	/type/author	Mitch Albom
38527	OL32471A	/type/author	Gregory Benford
203774	OL123298A	/type/author	Franz Werfel
4358443	OL92947A	/type/author	Ray Garton
4180313	OL2003516A	/type/author	Arthur Byron Cover
4340420	OL216255A	/type/author	Gwyn Hyman Rubio
2583646	OL365015A	/type/author	Piers Paul Read
1670333	OL19009A	/type/author	Jean Craighead George
881890	OL25149A	/type/author	Alice Hoffman
177326	OL2657051A	/type/author	Rebecca West
1328094	OL1603477A	/type/author	Manil Suri
102405	OL585131A	/type/author	John Kennedy Toole
209294	OL234170A	/type/author	John O'Hara
339637	OL3399227A	/type/author	Auguste Escoffier
5801943	OL27395A	/type/author	Kevin Henkes
383884	OL338953A	/type/author	John D. MacDonald
937519	OL24761A	/type/author	Samuel Butler
4453751	OL234537A	/type/author	Kevin Crossley-Holland
2210370	OL2873958A	/type/author	Randy Alcorn
5912238	OL2632751A	/type/author	Barbara Cooney
74809	OL51237A	/type/author	Harry Mulisch
5843125	OL1006075A	/type/author	Armstrong Sperry
207804	OL28371A	/type/author	Robert Charles Wilson
61999	OL24452A	/type/author	Danielle Steel
3935278	OL3097087A	/type/author	Paco Ignacio Taibo II
733168	OL20983A	/type/author	Robert B. Parker
2479499	OL1518406A	/type/author	Alice Randall
1213430	OL39562A	/type/author	David Malouf
1057	OL91522A	/type/author	Anatole France
190435	OL2675570A	/type/author	Kobo Abe
1072989	OL2659676A	/type/author	W. G. Sebald
638137	OL2628923A	/type/author	Vasily Grossman
1160989	OL382528A	/type/author	Michael Dorris
5524242	OL1389337A	/type/author	Lisi Harrison
5539836	OL392330A	/type/author	Bret Lott
142615	OL34194A	/type/author	William Godwin
1383679	OL1392877A	/type/author	Augusten Burroughs
3216260	OL217918A	/type/author	Eric Kraft
2313332	OL546706A	/type/author	Bruce Benderson
23869943	OL21306A	/type/author	Samuel R. Delany
5805032	OL368154A	/type/author	Charles Hawes
2113844	OL24003A	/type/author	Bill Gertz
48257	OL2269483A	/type/author	Fredric Brown
1166951	OL1393239A	/type/author	Talbot Mundy
229834	OL252577A	/type/author	Paul Bowles
870393	OL2677789A	/type/author	Homer Hickam
3574239	OL234131A	/type/author	Wally Lamb
894947	OL1392583A	/type/author	Darren Shan
250461	OL44570A	/type/author	Giorgio Bassani
61842	OL23425A	/type/author	Carol Shields
1588699	OL615671A	/type/author	Frank Hardy
669752	OL288322A	/type/author	Brian Moore
98079	OL560261A	/type/author	C. P. Snow
6607061	OL449415A	/type/author	Mark Winegardner
89687	OL325487A	/type/author	Alan Paton
534908	OL26753A	/type/author	Elizabeth George
61840	OL29473A	/type/author	Timothy Findley
712223	OL656669A	/type/author	Clifford Stoll
1755642	OL2746866A	/type/author	Ann Nolan Clark
494664	OL5199A	/type/author	Ruth Prawer Jhabvala
3041814	OL1859714A	/type/author	Roland J. Green
2450448	OL1120852A	/type/author	Robert C. O'Brien
600026	OL456317A	/type/author	Terry Southern
6402268	OL1390790A	/type/author	Kevin Brockmeier
98587	OL1964240A	/type/author	Anya Seton
65017	OL68313A	/type/author	William Hope Hodgson
56397	OL227500A	/type/author	Steven Brust
300341	OL387771A	/type/author	Jacqueline Susann
1907078	OL4729040A	/type/author	Marguerite Henry
1699656	OL2748652A	/type/author	Ernesto Sabato
166510	OL134327A	/type/author	Pierre Boulle
2748843	OL127932A	/type/author	Russell Thorndike
62034	OL63285A	/type/author	Simone de Beauvoir
204230	OL24056A	/type/author	George Zebrowski
2868276	OL1432654A	/type/author	Elizabeth Bear
46034	OL218124A	/type/author	Alfred Bester
1590548	OL539060A	/type/author	Cynthia Kadohata
2522239	OL1512668A	/type/author	R. D. Wingfield
4358423	OL92958A	/type/author	Elizabeth Massie
2853552	OL1434486A	/type/author	Johnston McCulley
16960	OL397091A	/type/author	Kathy Acker
16319	OL113831A	/type/author	John Masefield
297883	OL1393134A	/type/author	Maureen Dowd
2770504	OL233523A	/type/author	Brian Evenson
334119	OL381867A	/type/author	Carol Ryrie Brink
207545	OL129894A	/type/author	Ronald Knox
29236	OL23696A	/type/author	Sigrid Undset
6033565	OL20168A	/type/author	Walter Dean Myers
5787760	OL599828A	/type/author	Diane Carey
1557869	OL220788A	/type/author	Walter Lord
5800755	OL31754A	/type/author	Russell Freedman
961610	OL29538A	/type/author	Alison Lurie
195722	OL197120A	/type/author	Laura Ingalls Wilder
602824	OL233861A	/type/author	Christopher Buckley
39661	OL18112A	/type/author	John Bunyan
177381	OL22088A	/type/author	Richard Powers
176782	OL46671A	/type/author	Amin Maalouf
81516	OL25633A	/type/author	Marianne Fredriksson
113560	OL551291A	/type/author	Barbara Tuchman
6756878	OL21261A	/type/author	Jane Leslie Conly
1510520	OL527481A	/type/author	David Dodd
44743	OL18277A	/type/author	Thomas Hardy
1321154	OL27782A	/type/author	Louis Bromfield
4729944	OL28103A	/type/author	Mildred Taylor
2911484	OL398206A	/type/author	Glen Duncan
256656	OL2656905A	/type/author	Henry Handel Richardson
197228	OL359235A	/type/author	Jeff VanderMeer
5852566	OL3236035A	/type/author	Emily Neville
4108606	OL22936A	/type/author	William Joyce
618823	OL1433493A	/type/author	Dan Abnett
12307	OL79039A	/type/author	Gustave Flaubert
4670383	OL1814384A	/type/author	Gary Brandner
2438311	OL895045A	/type/author	Bel Kaufman
1583724	OL27843A	/type/author	Fannie Flagg
949902	OL2726108A	/type/author	Don Perrin
1803013	OL2764001A	/type/author	Robert Muchamore
1163586	OL2725385A	/type/author	Chester Himes
685098	OL24809A	/type/author	Bernhard Schlink
291698	OL248278A	/type/author	Yasunari Kawabata
319437	OL42322A	/type/author	H. Beam Piper
2118728	OL541608A	/type/author	Judith Guest
12706	OL19038A	/type/author	Greg Egan
2127459	OL1391532A	/type/author	Jennifer Haigh
2771883	OL22786A	/type/author	Phyllis Reynolds Naylor
266991	OL224437A	/type/author	Whitley Strieber
639538	OL583194A	/type/author	Jessie Redmon Fauset
4867163	OL20748A	/type/author	Richard Price
930808	OL417393A	/type/author	Lance Parkin
5885269	OL2318581A	/type/author	Elizabeth Foreman Lewis
31034	OL29871A	/type/author	Ted Hughes
285472	OL269675A	/type/author	Pascal Quignard
205598	OL29235A	/type/author	Roger MacBride Allen
7928	OL296177A	/type/author	Dalton Trumbo
337642	OL1926970A	/type/author	Hope Mirrlees
2028431	OL889856A	/type/author	William Warren Bartley
2777334	OL1135359A	/type/author	Daniel Topolski
2095443	OL237118A	/type/author	Patrick Robinson
390731	OL2623365A	/type/author	Doug Naylor
1010094	OL361442A	/type/author	Ernest Gaines
1460648	OL1398785A	/type/author	Robert Baer
1981349	OL33614A	/type/author	Ursula Hegi
398246	OL24762A	/type/author	Sherwood Anderson
815920	OL2865726A	/type/author	Natan Sharansky
39345	OL1097266A	/type/author	Robert Graves
5866978	OL418406A	/type/author	James Daugherty
2028144	OL2728252A	/type/author	Julia Ecklar
968846	OL292449A	/type/author	Ken Grimwood
206368	OL2763876A	/type/author	Eric P. Kelly
413094	OL122996A	/type/author	Miles Franklin
286736	OL217346A	/type/author	Ernest Callenbach
1863551	OL590331A	/type/author	John Berendt
730269	OL26434A	/type/author	Anne Tyler
2656329	OL28737A	/type/author	Paula Fox
185576	OL2658911A	/type/author	Mikhail Lermontov
46356	OL29268A	/type/author	Jack McDevitt
5563473	OL951398A	/type/author	Norma Klein
5807882	OL575609A	/type/author	Cornelia Meigs
5160840	OL392018A	/type/author	Esther Freud
205814	OL2627041A	/type/author	James Fenimore Cooper
2651887	OL117348A	/type/author	Willard Price
725032	OL233100A	/type/author	Robert Newton Peck
251001	OL24838A	/type/author	Elizabeth Moon
871793	OL890833A	/type/author	Kate Seredy
721872	OL19728A	/type/author	Cynthia Rylant
510330	OL266298A	/type/author	Jack Finney
1151272	OL1434534A	/type/author	Nick McDonell
2751055	OL23388A	/type/author	John Maddox Roberts
1607443	OL829811A	/type/author	B. Kliban
175579	OL2688947A	/type/author	Berkeley Breathed
32897	OL9388A	/type/author	William Shakespeare
2310	OL2629568A	/type/author	Arthur Miller
11397	OL2729315A	/type/author	Freeman Dyson
19620	OL49358A	/type/author	Michael Palin
13509	OL22161A	/type/author	H. P. Lovecraft
174527	OL559476A	/type/author	J. Paul Getty
42880	OL455599A	/type/author	John Flamsteed
1757131	OL2856431A	/type/author	James De Mille
30273	OL116256A	/type/author	T. S. Eliot
410115	OL291900A	/type/author	Tim O'Reilly
816239	OL451419A	/type/author	David A. Patterson
25945	OL19129A	/type/author	Rem Koolhaas
32742	OL19450A	/type/author	Virginia Woolf
6824	OL450295A	/type/author	Carl Sagan
8756	OL342699A	/type/author	Daniel Dennett
19639	OL2677464A	/type/author	Marvin Minsky
13633	OL18404A	/type/author	Homer
566689	OL440500A	/type/author	Stuart J. Russell
62902	OL583414A	/type/author	Stuart Kauffman
37283	OL385813A	/type/author	Edna Ferber
472011	OL40784A	/type/author	Raymond E. Feist
12848	OL738988A	/type/author	Gary Gygax
3986	OL353954A	/type/author	Benjamin Franklin
340784	OL2685063A	/type/author	D. B. C. Pierre
6127744	OL2631898A	/type/author	Joe Hill
221855	OL24121A	/type/author	Richard Cumberland
164153	OL2631799A	/type/author	Alexis de Tocqueville
461087	OL4390948A	/type/author	Edna O'Brien
478078	OL783268A	/type/author	Ba Jin
311872	OL220292A	/type/author	Marion Woodman
15838	OL123428A	/type/author	John Donne
5468188	OL841402A	/type/author	Jean Webster
4725252	OL18968A	/type/author	William W. Johnstone
104118	OL575112A	/type/author	Jean Plaidy
155406	OL60945A	/type/author	Mircea Eliade
1046731	OL35503A	/type/author	Elfriede Jelinek
1853535	OL1348191A	/type/author	Augustus Le Plongeon
1384646	OL2660431A	/type/author	A. B. Yehoshua
292226	OL74457A	/type/author	Julie Burchill
48261	OL112771A	/type/author	Ben Jonson
65867	OL2130978A	/type/author	Eileen Chang
9647127	OL2630897A	/type/author	Joseph Heller
352275	OL384307A	/type/author	Banana Yoshimoto
48245	OL501502A	/type/author	R. A. Lafferty
1746057	OL1478662A	/type/author	Elise Blackwell
1892261	OL398317A	/type/author	Moisés Kaufman
5641086	OL39289A	/type/author	Gerda Weissmann Klein
320699	OL557359A	/type/author	Christopher Rice
1100968	OL333596A	/type/author	Fernando Vallejo
224645	OL598788A	/type/author	Thomas Chatterton
5771	OL18299A	/type/author	Christopher Marlowe
861883	OL68582A	/type/author	Brian Caswell
609417	OL229073A	/type/author	Louis de Bernières
13550	OL2275374A	/type/author	Hans Christian Andersen
200511	OL115685A	/type/author	Johann Joachim Winckelmann
56517	OL223521A	/type/author	Raymond Smullyan
1707546	OL441628A	/type/author	Colin Thiele
9810	OL2659922A	/type/author	Emily Brontë
16027	OL23919A	/type/author	J. K. Rowling
1058	OL2656834A	/type/author	André Gide
2447	OL19677A	/type/author	Anton Chekhov
18602	OL955705A	/type/author	Lester Bangs
2352317	OL219382A	/type/author	Greg Cox
993037	OL401251A	/type/author	Nicola Griffith
288140	OL28885A	/type/author	Maya Angelou
2288265	OL64790A	/type/author	Roland Topor
17566665	OL2659293A	/type/author	George Byron, 6th Baron Byron
3174817	OL1476615A	/type/author	Heather Gemmen
11625	OL22242A	/type/author	Fyodor Dostoevsky
283911	OL26242A	/type/author	Katherine Paterson
5547423	OL18976A	/type/author	Allegra Goodman
4346746	OL2827578A	/type/author	Jay Lake
45077	OL45982A	/type/author	Giacomo Leopardi
1138392	OL18977A	/type/author	Nora Roberts
4307922	OL220554A	/type/author	Peter Balakian
18932702	OL862657A	/type/author	Alan Moore
7443203	OL455333A	/type/author	Elizabeth Eyre
4982	OL23121A	/type/author	Ben Bova
7054010	OL22663A	/type/author	James Howe
3142479	OL2755196A	/type/author	Diana Ross
362192	OL30837A	/type/author	Jack Williamson
5772283	OL423848A	/type/author	Tim Jeal
543284	OL18979A	/type/author	Michael Connelly
1352361	OL973571A	/type/author	Colm Tóibín
176072	OL40776A	/type/author	Julia Quinn
4937250	OL1435751A	/type/author	Olympia Vernon
39425	OL74802A	/type/author	Primo Levi
5305359	OL283360A	/type/author	Karen X. Tulchinsky
43154	OL2629213A	/type/author	Alice Walker
46525	OL873577A	/type/author	Wilfred Owen
194842	OL44647A	/type/author	Mihai Eminescu
85036	OL117A	/type/author	Maxim Gorky
1330876	OL23108A	/type/author	Johanna Lindsey
62363	OL348127A	/type/author	James Boswell
4281772	OL23762A	/type/author	Michele Jaffe
805808	OL3297066A	/type/author	Alain-Fournier
5941528	OL19277A	/type/author	Faith Baldwin
549088	OL121282A	/type/author	Lewis Spence
1927327	OL239297A	/type/author	David Hewson
6071401	OL541645A	/type/author	William March
1022472	OL712028A	/type/author	Randy Shilts
257219	OL265529A	/type/author	Dave Sim
4919225	OL1385668A	/type/author	Emma Holly
26255613	OL29809A	/type/author	Harold Bloom
2104651	OL810636A	/type/author	Ahmed Deedat
1238936	OL24365A	/type/author	Donald E. Westlake
6257058	OL247587A	/type/author	Jeffrey E. Barlough
602725	OL27138A	/type/author	James Herbert
1186406	OL26602A	/type/author	Rita Mae Brown
3416330	OL2898236A	/type/author	Yone Noguchi
5918596	OL3095031A	/type/author	Greg F. Gifune
3202722	OL26617A	/type/author	Jim Grimsley
6385659	OL1425314A	/type/author	Justina Headley
7640164	OL40094A	/type/author	Suzanne Brockmann
184976	OL20925A	/type/author	Annie Dillard
3007628	OL1429764A	/type/author	Katherine Roberts
63173	OL583952A	/type/author	Joyce Kilmer
4353246	OL3020504A	/type/author	Radclyffe
4620429	OL20926A	/type/author	Fern Michaels
473695	OL30232A	/type/author	Robert Pinsky
349150	OL2666009A	/type/author	Louis Cha
1368304	OL27358A	/type/author	Kate DiCamillo
51825	OL2675639A	/type/author	Sun Tzu
3458241	OL19214A	/type/author	David A. Adler
1926222	OL392036A	/type/author	Heather Graham Pozzessere
1010162	OL31591A	/type/author	Benjamin Lebert
1555301	OL19043A	/type/author	Iris Johansen
530527	OL24388A	/type/author	Roddy Doyle
730448	OL223671A	/type/author	Leslie Feinberg
990790	OL18664A	/type/author	H. C. McNeile
7636187	OL841360A	/type/author	Richard Kenney
26180539	OL21220A	/type/author	Peter Ackroyd
2412296	OL1608780A	/type/author	Daniel Amor
2870138	OL1392109A	/type/author	Felice Arena
1077884	OL118038A	/type/author	Sebastian Haffner
6027801	OL38978A	/type/author	James Wilcox
5927010	OL845061A	/type/author	Lisa Kleypas
903801	OL28164A	/type/author	Dale Brown
2524046	OL438499A	/type/author	Nanda Lwin
1453015	OL70699A	/type/author	Emma Donoghue
6468617	OL235431A	/type/author	Teresa Medeiros
67160	OL229268A	/type/author	Ken Follett
667591	OL414752A	/type/author	Michael Bishop
179599	OL20580A	/type/author	Nadine Gordimer
1063269	OL1522517A	/type/author	Nick Mamatas
48594	OL21070A	/type/author	Samuel Johnson
804581	OL446842A	/type/author	Anne Frank
29408	OL26099A	/type/author	Samuel Taylor Coleridge
4022994	OL1386032A	/type/author	Karen Marie Moning
770258	OL657567A	/type/author	Richard Laymon
381475	OL2563929A	/type/author	Richard Harding Davis
1370546	OL658883A	/type/author	Walter Abish
190441	OL2623488A	/type/author	Gao Xingjian
106082	OL540031A	/type/author	Jared Diamond
7134588	OL42293A	/type/author	Lillian Faderman
1667608	OL221364A	/type/author	Sarah Schulman
5340183	OL102296A	/type/author	Tahir Shah
4154157	OL803983A	/type/author	Sybille Bedford
1334423	OL1482402A	/type/author	Max Brooks
6724048	OL1390407A	/type/author	Brian Gage
170120	OL716393A	/type/author	Eleanor Hibbert
195506	OL20508A	/type/author	J. R. Ackerley
3160869	OL26230A	/type/author	Julie Garwood
1410219	OL589683A	/type/author	Sherrilyn Kenyon
11956351	OL78784A	/type/author	E. Lynn Harris
3581299	OL68291A	/type/author	Jude Deveraux
1811799	OL226613A	/type/author	Sandra Steingraber
6094296	OL223139A	/type/author	Carol Fenner
81274	OL225621A	/type/author	Rachel Carson
4178239	OL457824A	/type/author	Bob Mayer
5226184	OL227816A	/type/author	John D'Emilio
6898178	OL1385427A	/type/author	Christine Feehan
1455389	OL1240736A	/type/author	Ross Lockridge, Jr.
65861	OL2889685A	/type/author	Lu Xun
761409	OL383860A	/type/author	Suzan-Lori Parks
72293	OL770056A	/type/author	Mao Dun
2158343	OL2812474A	/type/author	Julie E. Czerneda
167622	OL29417A	/type/author	Colin Wilson
1285009	OL21979A	/type/author	Tami Hoag
1700608	OL855174A	/type/author	Simon Furman
4617838	OL30795A	/type/author	Ann Maxwell
213531	OL2178425A	/type/author	Richmal Crompton
26078	OL552852A	/type/author	Robert E. Howard
13635	OL2078042A	/type/author	Hugo Gernsback
404928	OL637216A	/type/author	R. D. Blackmore
23473348	OL1979548A	/type/author	Günter Grass
2738992	OL33496A	/type/author	Kay Hooper
505826	OL797731A	/type/author	Robert Caro
2351575	OL1398111A	/type/author	Steve Niles
197233	OL2956023A	/type/author	China Miéville
2381636	OL390919A	/type/author	Larry Levis
952488	OL29658A	/type/author	Gordon Korman
19332140	OL598810A	/type/author	Germaine Greer
729945	OL330669A	/type/author	Constantine P. Cavafy
251555	OL2746746A	/type/author	Vita Sackville-West
4521068	OL1452425A	/type/author	Kim Harrison
3564641	OL21623A	/type/author	Eric Marcus
1941910	OL30762A	/type/author	Sheldon Siegel
74095	OL160544A	/type/author	Lord Alfred Douglas
3255656	OL1080418A	/type/author	Sid Chaplin
4724719	OL117598A	/type/author	S. Fowler Wright
5153848	OL1479513A	/type/author	Jim Butcher
3056425	OL30068A	/type/author	Kyle Mills
26408	OL673325A	/type/author	Rainer Maria Rilke
2220473	OL1800967A	/type/author	Adelaide Crapsey
399791	OL1432887A	/type/author	H. L. Gold
6210	OL951926A	/type/author	Clark Ashton Smith
1352460	OL395915A	/type/author	Tristan Taormino
4555890	OL229592A	/type/author	Ted lewin
4237892	OL2705471A	/type/author	Thomas E. Sniegoski
721036	OL2822819A	/type/author	Al Alvarez
430374	OL528943A	/type/author	Sandra Cisneros
21745	OL1437438A	/type/author	Naoko Takeuchi
445291	OL401515A	/type/author	Clive James
89138	OL221211A	/type/author	Gary Larson
5634859	OL253276A	/type/author	Victor Kelleher
2586125	OL28652A	/type/author	Jo Beverley
262625	OL78910A	/type/author	Chinua Achebe
473261	OL760963A	/type/author	Joe Dever
1086696	OL237813A	/type/author	Andy McNab
66240	OL33009A	/type/author	Henry Wadsworth Longfellow
5024600	OL526989A	/type/author	Glenway Wescott
6043182	OL81816A	/type/author	John Boswell
295094	OL593360A	/type/author	Cao Xueqin
13462	OL200394A	/type/author	Harlan Ellison
6385901	OL23438A	/type/author	Richard Dooling
344532	OL3066384A	/type/author	Akiko Yosano
433391	OL31274A	/type/author	Olivia Goldsmith
1667002	OL405779A	/type/author	David Goodis
42368	OL29097A	/type/author	Honoré de Balzac
179334	OL2657666A	/type/author	Isaac Babel
66199	OL80735A	/type/author	Osip Mandelstam
321349	OL711455A	/type/author	Judy Grahn
28699	OL223314A	/type/author	Sylvia Plath
186553	OL714657A	/type/author	Osamu Dazai
46233	OL126198A	/type/author	Siegfried Sassoon
1328274	OL239939A	/type/author	Alan Hollinghurst
828694	OL2974507A	/type/author	Richard J. Maybury
5147807	OL2040579A	/type/author	Fenton Johnson
206019	OL231796A	/type/author	Robert Sheckley
7467690	OL1402078A	/type/author	Partap Sharma
2189971	OL448495A	/type/author	Judy Nelson
1429171	OL397402A	/type/author	Caitlin R. Kiernan
24517	OL58120A	/type/author	Plutarch
929591	OL160918A	/type/author	W. W. Jacobs
544679	OL892806A	/type/author	Steven Hassan
1115909	OL1399650A	/type/author	Brian K. Vaughan
6628461	OL23560A	/type/author	Rosina Lippi
4274788	OL589759A	/type/author	Campbell Armstrong
4047238	OL31867A	/type/author	Jane Feather
5749690	OL2621921A	/type/author	Douglas Kennedy
16215	OL68333A	/type/author	John Milton
2029	OL2662536A	/type/author	Anne Brontë
1017	OL948809A	/type/author	Allen Ginsberg
62004	OL21095A	/type/author	Gertrude Stein
4339694	OL727504A	/type/author	Kenneth Goldsmith
1619087	OL597671A	/type/author	Barbara Paul
6532	OL2630969A	/type/author	Charlotte Brontë
2136776	OL453859A	/type/author	Wallace Thurman
89530	OL39212A	/type/author	Harold Pinter
198379	OL355295A	/type/author	Barbara Ehrenreich
5749917	OL2660074A	/type/author	John Flanagan
7534805	OL1541732A	/type/author	Lynda Page
2508913	OL1433734A	/type/author	David Rakoff
228711	OL271260A	/type/author	George Herbert
33925	OL2958467A	/type/author	William Wordsworth
431246	OL35996A	/type/author	Robert Anthony Salvatore
3865395	OL472363A	/type/author	John Lymington
1411481	OL29954A	/type/author	Allen Steele
2806317	OL545801A	/type/author	Lionel Shriver
7638042	OL22994A	/type/author	Catherine Coulter
1106032	OL33682A	/type/author	Mary Eleanor Wilkins Freeman
645268	OL30002A	/type/author	Paul Fussell
437531	OL242012A	/type/author	James Salter
1766674	OL29845A	/type/author	Anita Shreve
1467673	OL766369A	/type/author	Monique Wittig
681045	OL140869A	/type/author	Hayyim Nahman Bialik
580827	OL2658178A	/type/author	Henry Louis Gates, Jr.
428973	OL952994A	/type/author	Sue Johanson
6928	OL2645094A	/type/author	Colette
312501	OL445892A	/type/author	Kenzaburo Oe
18002	OL26680A	/type/author	Louisa May Alcott
5882581	OL1505807A	/type/author	India Knight
2723094	OL32002A	/type/author	Sophie Masson
841931	OL33124A	/type/author	Barbara Hambly
1640708	OL507641A	/type/author	Lester R. Brown
18951309	OL21093A	/type/author	Ambrose Bierce
50099	OL35183A	/type/author	Kate Chopin
295555	OL216402A	/type/author	Arianna Huffington
371608	OL25024A	/type/author	Jayne Ann Krentz
12787	OL2632753A	/type/author	Geoffrey Chaucer
67412	OL396811A	/type/author	Jonathan Coe
493021	OL27318A	/type/author	Naomi Shihab Nye
1262008	OL1317040A	/type/author	Zee Edgell
2601746	OL1603050A	/type/author	Carl Gottlieb
1162139	OL104006A	/type/author	Girish Karnad
6583830	OL30714A	/type/author	Linda Howard
284848	OL366346A	/type/author	Maurice Sendak
3461546	OL888754A	/type/author	Jim Dodge
7501317	OL836468A	/type/author	James Robert Baker
173353	OL2649657A	/type/author	Paul Graham
922418	OL2873178A	/type/author	Lu Yu
15781	OL18928A	/type/author	Jorge Luis Borges
3782202	OL1395866A	/type/author	Michael W. Dean
574479	OL218458A	/type/author	Carl Djerassi
31322	OL870972A	/type/author	Tim Berra
4756975	OL1394119A	/type/author	Jutta Bauer
212785	OL1060166A	/type/author	Immanuel Velikovsky
205815	OL32131A	/type/author	Spider Robinson
5109605	OL34329A	/type/author	Darin Strauss
7105	OL593082A	/type/author	Cordwainer Smith
4105087	OL1423320A	/type/author	Andy Griffiths
299650	OL237257A	/type/author	Jon Krakauer
361827	OL93118A	/type/author	Clarice Lispector
384130	OL2676911A	/type/author	L. E. Modesitt, Jr.
915525	OL531179A	/type/author	Colin Fletcher
63092	OL47987A	/type/author	Joseph E. Stiglitz
7634841	OL81182A	/type/author	Kate Forsyth
315400	OL39938A	/type/author	Walter Tevis
993476	OL19610A	/type/author	Lucius Shepard
1576927	OL1264795A	/type/author	Geoffrey Jenkins
5854296	OL2675004A	/type/author	Elizabeth Borton de Treviño
6046	OL28743A	/type/author	Cicero
477740	OL124960A	/type/author	John DeFrancis
767797	OL23891A	/type/author	Francesca Lia Block
4902540	OL360817A	/type/author	Gerald Jacobs
19834	OL73405A	/type/author	Mary Wollstonecraft
8074090	OL1395577A	/type/author	Paul S. Kemp
3878482	OL773273A	/type/author	John Zaller
1177	OL44231A	/type/author	Aleister Crowley
65129	OL2659029A	/type/author	Jaroslav Hašek
10690343	OL821987A	/type/author	Christina Lamb
206955	OL153463A	/type/author	Johanna Spyri
205554	OL19039A	/type/author	Walter Jon Williams
3633283	OL1393419A	/type/author	Tash Aw
16340	OL896456A	/type/author	Jean-Paul Sartre
8864045	OL969298A	/type/author	John Metcalfe
218081	OL26160A	/type/author	Muriel Spark
556674	OL2661907A	/type/author	Marcel Pagnol
922503	OL28296A	/type/author	William L. Shirer
3528479	OL29264A	/type/author	Francine Prose
990536	OL240999A	/type/author	Richard Mason
334671	OL2631008A	/type/author	Julio Cortázar
2449618	OL78925A	/type/author	Jodi Picoult
207581	OL223140A	/type/author	Wil McCarthy
1370668	OL241748A	/type/author	Hwee Hwee Tan
826812	OL233497A	/type/author	Fay Weldon
8720515	OL22739A	/type/author	Tawni O'Dell
169494	OL217344A	/type/author	Oliver Sacks
848132	OL403737A	/type/author	Sarah Fielding
13992	OL57319A	/type/author	Harold Kushner
2148705	OL40069A	/type/author	Jennifer Rowe
180618	OL2101074A	/type/author	John le Carré
410934	OL2514171A	/type/author	Charles Colson
951845	OL534478A	/type/author	Rick Moody
9283692	OL3732953A	/type/author	Thomas Dixon
592476	OL30647A	/type/author	Andrei Platonov
1231435	OL582800A	/type/author	Hedley Bull
2378374	OL2631982A	/type/author	José Carlos Somoza
4703654	OL1385727A	/type/author	Steve Barlow
646238	OL1744682A	/type/author	Robin Cook
4358078	OL1385854A	/type/author	Doranna Durgin
4358569	OL1396426A	/type/author	Robert Joseph Levy
8357610	OL669492A	/type/author	Alan Judd
8145410	OL35839A	/type/author	Charles Darwin
10875	OL29390A	/type/author	Fritz Leiber
480298	OL1188648A	/type/author	Randall Garrett
379800	OL2833477A	/type/author	Rob Sitch
548105	OL111144A	/type/author	Muhammad Yunus
633043	OL535356A	/type/author	Antonio di Benedetto
160658	OL137680A	/type/author	Wyndham Lewis
21473	OL31675A	/type/author	Nikola Tesla
233934	OL1928322A	/type/author	Henry Adams
1764664	OL2624071A	/type/author	Rebecca Wells
360990	OL21844A	/type/author	Joanna Cole
1116344	OL2628589A	/type/author	Peter Robinson
8519361	OL580116A	/type/author	Caroline Adams Miller
3055816	OL1014873A	/type/author	Donald Wandrei
3395766	OL416213A	/type/author	Ivan Vladislavic
2332741	OL1393825A	/type/author	Loung Ung
205522	OL2812325A	/type/author	Ann Coulter
6112300	OL1021379A	/type/author	Damon Galgut
847638	OL910513A	/type/author	Gwynne Dyer
6594603	OL226208A	/type/author	Anne Fadiman
622304	OL351156A	/type/author	Ernesto Laclau
208242	OL4326660A	/type/author	William Harrison Ainsworth
289928	OL583734A	/type/author	John Aikin
1763382	OL29170A	/type/author	Rosalind Miles
85234	OL1070901A	/type/author	Amelia Earhart
1086030	OL1693654A	/type/author	M. P. Shiel
7716	OL458948A	/type/author	Cyril M. Kornbluth
1114837	OL460124A	/type/author	Gilles Kepel
1144677	OL19365A	/type/author	Jacqueline Wilson
1501472	OL39830A	/type/author	Anthony Holden
968258	OL124948A	/type/author	A. E. Coppard
1411270	OL218949A	/type/author	Lee Strobel
722707	OL830038A	/type/author	Noriko Ogiwara
1165221	OL391489A	/type/author	Russell Kirk
5251744	OL1070396A	/type/author	Kenneth L. Fisher
47643	OL26212A	/type/author	Michel Foucault
909343	OL387521A	/type/author	Martin Handford
1178782	OL443264A	/type/author	Dave Grossman
164993	OL394726A	/type/author	Algernon Blackwood
732358	OL65273A	/type/author	Yury Olesha
6421027	OL33430A	/type/author	Matthew Stadler
171126	OL2645019A	/type/author	Erich Kästner
7644225	OL2678121A	/type/author	Jane Hamilton
475155	OL668699A	/type/author	Helen Cresswell
2974627	OL1654119A	/type/author	Colin Dann
1691614	OL39597A	/type/author	Betty Smith
28584	OL440124A	/type/author	Sheridan Le Fanu
5081794	OL1434517A	/type/author	Leila Aboulela
3737374	OL1539285A	/type/author	Carole Wilkinson
297171	OL11003A	/type/author	Sita Ram Goel
400770	OL148303A	/type/author	Hendrik Willem van Loon
8693425	OL1862283A	/type/author	Dorothy Scarborough
386224	OL896208A	/type/author	Karen Wynn Fonstad
7696976	OL1451774A	/type/author	Stephen Woodworth
27827075	OL2629754A	/type/author	Gabriel García Márquez
16355	OL20086A	/type/author	James Blaylock
3964313	OL1679944A	/type/author	David H. Keller
449749	OL47322A	/type/author	Bruce Chatwin
52790	OL47908A	/type/author	Aleksandr Pushkin
1206011	OL444006A	/type/author	Jude Watson
457535	OL419303A	/type/author	Joan D. Vinge
1002183	OL215794A	/type/author	Frederic William Farrar
9039296	OL253537A	/type/author	David V. Barrett
1147343	OL1392226A	/type/author	Bernard Goldberg
558698	OL2820282A	/type/author	Taslima Nasrin
11736832	OL49921A	/type/author	Chris Smith
26743	OL108452A	/type/author	Sigmund Freud
8724323	OL292081A	/type/author	Angus Maddison
7260935	OL1991842A	/type/author	Sorche Nic Leodhas
9009322	OL1657119A	/type/author	David F. Case
291754	OL61864A	/type/author	Humphrey Carpenter
1759602	OL544180A	/type/author	Richard Russo
576968	OL438129A	/type/author	Warren Ellis
1823558	OL240421A	/type/author	George Schuyler
4357851	OL35073A	/type/author	Scott Ciencin
2285874	OL1394264A	/type/author	Boris Starling
542283	OL121846A	/type/author	Ivy Compton-Burnett
3987837	OL401041A	/type/author	Michelle Cliff
728841	OL2818270A	/type/author	Rómulo Gallegos
1358204	OL716334A	/type/author	Telford Taylor
901730	OL2631829A	/type/author	Jo Nesbø
3219284	OL240995A	/type/author	Don Winslow
918292	OL531996A	/type/author	Terry McMillan
177316	OL2747502A	/type/author	Viktor Frankl
3716509	OL3078073A	/type/author	H. Russell Wakefield
2708762	OL1388838A	/type/author	Michelle Paver
155615	OL19499A	/type/author	Christopher Isherwood
6179240	OL459506A	/type/author	Flo Conway
1232982	OL813806A	/type/author	Timothy Mo
186205	OL526532A	/type/author	Michael Behe
1235096	OL81404A	/type/author	Hanif Kureishi
7529816	OL389563A	/type/author	Joanne Greenberg
11646	OL117843A	/type/author	Friedrich Hayek
1279739	OL21898A	/type/author	Anthony Sampson
2919	OL2632028A	/type/author	Anaïs Nin
189774	OL218440A	/type/author	Norman Mailer
9252653	OL2067112A	/type/author	Margery Lawrence
148809	OL538504A	/type/author	Judith Butler
56574	OL115050A	/type/author	Maria Edgeworth
3995991	OL32850A	/type/author	Oscar Hijuelos
567464	OL1447711A	/type/author	Joe Sacco
235888	OL2711337A	/type/author	Jon Stewart
232185	OL325884A	/type/author	Giuseppe Tomasi di Lampedusa
16326	OL2671524A	/type/author	John W. Campbell
3599544	OL119387A	/type/author	Richard Hillary
3193056	OL39015A	/type/author	Wayne Hammond
4163	OL112912A	/type/author	Bertrand Russell
3761683	OL2968241A	/type/author	Sattar Memon
1415642	OL387856A	/type/author	Sid Hartman
63179	OL2882400A	/type/author	Friedrich Dürrenmatt
4922765	OL20216A	/type/author	Will James
7160277	OL38324A	/type/author	David Tremayne
25930221	OL531923A	/type/author	Markar Melkonian
128422	OL107593A	/type/author	Thomas Carlyle
2575500	OL1654884A	/type/author	Margaret Craven
5702478	OL2417032A	/type/author	Arnould Galopin
8944846	OL2097796A	/type/author	Arthur J. Burks
9492386	OL2728739A	/type/author	Michael Savage
1218723	OL30401A	/type/author	Nicci French
5637239	OL219617A	/type/author	Lawrence Grossberg
7203241	OL262398A	/type/author	Andrew Greig
161366	OL1198310A	/type/author	Tom Baker
8593400	OL19367A	/type/author	A. Manette Ansay
7761418	OL2675435A	/type/author	Ian Smith
961468	OL441423A	/type/author	Graciliano Ramos
43675	OL828239A	/type/author	Laurence Olivier
19379	OL2657973A	/type/author	Mahatma Gandhi
2301925	OL775673A	/type/author	James H. Schmitz
9029834	OL384314A	/type/author	Verlyn Flieger
88893	OL2621813A	/type/author	Doris Lessing
409311	OL2623912A	/type/author	Henri Charrière
2357848	OL1093525A	/type/author	Roger Mais
296912	OL29784A	/type/author	James Agee
198401	OL2657540A	/type/author	Ngugi wa Thiong'o
2646192	OL2875994A	/type/author	Sean K Reynolds
15924	OL2852318A	/type/author	Julius Caesar
1129066	OL21907A	/type/author	Zoë Heller
2010885	OL22106A	/type/author	Pearl Cleage
180964	OL400330A	/type/author	Mary Doria Russell
4620652	OL2704272A	/type/author	Pam Muñoz Ryan
419166	OL2850266A	/type/author	George Noory
1925840	OL1049393A	/type/author	Joseph Hergesheimer
595082	OL828577A	/type/author	Alicia Partnoy
15858	OL912170A	/type/author	John Cleese
1054800	OL23918A	/type/author	Tanith Lee
9179583	OL2751402A	/type/author	Alexander C. Irvine
210684	OL2914584A	/type/author	Anne Louise Germaine de Staël
16569	OL22332A	/type/author	James P. Hogan
1339348	OL190479A	/type/author	Charles L. Grant
8093233	OL30765A	/type/author	Rick Riordan
8806018	OL404406A	/type/author	Frank Pittman
3234621	OL1389893A	/type/author	Patrick Carman
3936570	OL890557A	/type/author	Claude Brown
7053348	OL30582A	/type/author	Mohsin Hamid
9306540	OL1480058A	/type/author	Sally Prue
407630	OL974678A	/type/author	Jack Cohen
25446	OL909804A	/type/author	Robert Chambers
1849940	OL674270A	/type/author	Craig Harrison
1525540	OL1004353A	/type/author	Ray Nelson
8091926	OL1516108A	/type/author	Rex Pickett
7761204	OL1399992A	/type/author	MaryJanice Davidson
8759112	OL269078A	/type/author	James BeauSeigneur
188154	OL58790A	/type/author	Maurice Gee
7569757	OL1395612A	/type/author	Philip Athans
367152	OL1813446A	/type/author	Lin Carter
263306	OL117338A	/type/author	Pierre Choderlos de Laclos
2879916	OL768856A	/type/author	Evangeline Walton
183505	OL237336A	/type/author	Gypsy Rose Lee
82384	OL2633287A	/type/author	Heinrich Böll
6179238	OL2677691A	/type/author	Jim Siegelman
5594103	OL27119A	/type/author	Hilary Mantel
205809	OL1755216A	/type/author	Lester del Rey
911754	OL124914A	/type/author	British Medical Association
437867	OL117245A	/type/author	C. L. R. James
3991251	OL3329850A	/type/author	Fanny Vandegrift
715238	OL68351A	/type/author	Richard Courant
385620	OL142869A	/type/author	Wu Cheng'en
240017	OL383159A	/type/author	Stephen Covey
331689	OL29232A	/type/author	Michael Shermer
1875303	OL539266A	/type/author	Michael Pollan
3575422	OL402866A	/type/author	Luke Davies
2534585	OL315725A	/type/author	Ayi Kwei Armah
1450871	OL238146A	/type/author	John Berger
3413985	OL429462A	/type/author	Jorge Isaacs
300279	OL2631071A	/type/author	William F. Buckley, Jr.
2488512	OL221107A	/type/author	Elizabeth Ann Scarborough
105311	OL2827682A	/type/author	Imre Kertész
6084254	OL2367601A	/type/author	Edward Lee
2510243	OL11142A	/type/author	Vaikom Muhammad Basheer
66485	OL220396A	/type/author	Ramsey Campbell
4072242	OL1008009A	/type/author	Anne Holm
7484551	OL24466A	/type/author	Steven Millhauser
3347834	OL3110458A	/type/author	Chris Metzen
48422	OL2645249A	/type/author	José Saramago
1137939	OL2675311A	/type/author	Xinran Xue
2025585	OL1232274A	/type/author	Rose Friedman
881566	OL76827A	/type/author	Alessandro Baricco
9368971	OL1121892A	/type/author	Catherine Storr
3737878	OL51180A	/type/author	Pierre Rigoulot
3731612	OL4187057A	/type/author	José Joaquín Fernández de Lizardi
6804699	OL2961806A	/type/author	V. Vale
3081291	OL428163A	/type/author	Joseph Payne Brennan
27275197	OL71956A	/type/author	Jerome Corsi
474562	OL22497A	/type/author	Simon Schama
265704	OL535134A	/type/author	Ian R. MacLeod
11160875	OL1518453A	/type/author	Kyle Smith
271777	OL405130A	/type/author	Ellen G. White
1003142	OL882516A	/type/author	Tsitsi Dangarembga
900024	OL29112A	/type/author	S. T. Joshi
400493	OL1604691A	/type/author	Nelson S. Bond
298124	OL79477A	/type/author	Lin Yutang
12274	OL29388A	/type/author	Guy de Maupassant
4468275	OL1436081A	/type/author	Rhiannon Lassiter
207766	OL2622597A	/type/author	Gardner Dozois
960392	OL837408A	/type/author	MacKinlay Kantor
9764	OL456749A	/type/author	Emma Goldman
380925	OL297920A	/type/author	Mark Latham
2067981	OL733053A	/type/author	Graham McNeill
64454	OL24238A	/type/author	Thomas Keneally
222040	OL23360A	/type/author	Andrew Greeley
1006834	OL456764A	/type/author	Manly Wade Wellman
866118	OL21434A	/type/author	Reynolds Price
450113	OL1427151A	/type/author	Georgia Byng
18950939	OL67707A	/type/author	Arthur Koestler
692567	OL3680331A	/type/author	Royal Pharmaceutical Society of Great Britain
102283	OL34354A	/type/author	Joseph J. Ellis
7684417	OL2986914A	/type/author	Elsie J. Oxenham
1037202	OL4341489A	/type/author	Elspeth Huxley
2259782	OL2664348A	/type/author	Barbara Forrest
2274718	OL248458A	/type/author	William Diehl
439860	OL951438A	/type/author	Ernest Bramah
534366	OL529531A	/type/author	Barack Obama
1738246	OL228802A	/type/author	Gerry Spence
346468	OL1009783A	/type/author	Alexei Panshin
30564	OL24562A	/type/author	Theodore Sturgeon
184136	OL3506661A	/type/author	Ted Kennedy
1737464	OL33994A	/type/author	Leon Garfield
1926662	OL117525A	/type/author	Crane Brinton
56578	OL292426A	/type/author	Fanny Burney
1607661	OL2727608A	/type/author	Craig Thompson
7956362	OL381910A	/type/author	Dorothy M. Johnson
4670	OL2658409A	/type/author	Bruce Campbell
2289939	OL714418A	/type/author	Bertha Harris
44980	OL32772A	/type/author	Émile Zola
3686647	OL596336A	/type/author	Marie Lee
4303053	OL1401607A	/type/author	Natsuo Kirino
7714551	OL393409A	/type/author	Will Weaver
8938667	OL2634131A	/type/author	Douglas A. Anderson
16153	OL265227A	/type/author	Jacques Lacan
8999110	OL890881A	/type/author	Elizabeth Walter
305365	OL105896A	/type/author	Koenraad Elst
3079146	OL22397A	/type/author	Holly Lisle
7452210	OL1872565A	/type/author	Frank Riley
22393070	OL657265A	/type/author	Bill Ransom
251728	OL199285A	/type/author	Juan Rulfo
8199	OL16944A	/type/author	Denis Diderot
7673195	OL89930A	/type/author	Pablo Neruda
739686	OL26284A	/type/author	Manuel Puig
9467750	OL1427200A	/type/author	Kevin Brooks
163639	OL559412A	/type/author	Dennis Potter
1845322	OL25434A	/type/author	Valerie Martin
2945782	OL744578A	/type/author	Kenneth Bulmer
960589	OL832425A	/type/author	Robert Lewis Taylor
544614	OL73090A	/type/author	José Maria Eça de Queiroz
299913	OL837344A	/type/author	Delacorta
3072041	OL40240A	/type/author	Robert K. Massie
31550	OL247519A	/type/author	Ted Nelson
15941	OL29048A	/type/author	Jean-Jacques Rousseau
855762	OL310865A	/type/author	William Dalrymple
15879	OL1766758A	/type/author	James Branch Cabell
1375530	OL44388A	/type/author	Bernard Werber
18247304	OL26322A	/type/author	Edward Said
309388	OL39506A	/type/author	John Barnes
3241476	OL891932A	/type/author	Susan Kay
405928	OL24526A	/type/author	Penelope Fitzgerald
3466975	OL584206A	/type/author	Roderick Thorp
572059	OL1457438A	/type/author	Mark Clifton
40655	OL248539A	/type/author	Leigh Brackett
241771	OL504260A	/type/author	Catherine Millet
163278	OL74490A	/type/author	Mario Vargas Llosa
8937126	OL1388808A	/type/author	Zoey Dean
5828150	OL328016A	/type/author	Ed Krol
946425	OL43809A	/type/author	Sadegh Hedayat
5987157	OL2629949A	/type/author	Jean-Christophe Grangé
3327810	OL1926298A	/type/author	Ted Lewis
6364408	OL2827610A	/type/author	E. Hoffman Price
4544927	OL34423A	/type/author	Harold Coyle
708647	OL2960850A	/type/author	Barbara Roberts
152297	OL2773064A	/type/author	La Toya Jackson
1479283	OL230306A	/type/author	Vonda McIntyre
636350	OL2847348A	/type/author	Francis Darwin
5893022	OL1771433A	/type/author	Mark Schorer
997318	OL1767994A	/type/author	Donald Sidney-Fryer
629154	OL1076740A	/type/author	Jonathan Wells
8394849	OL216129A	/type/author	Christopher Collier
1457897	OL33825A	/type/author	Laurie Halse Anderson
1437382	OL2802966A	/type/author	Robyn Miller
2867033	OL416237A	/type/author	Alberto Fuguet
5871652	OL2787719A	/type/author	Scott Lynch
17911	OL2827506A	/type/author	Edward Plunkett, 18th Baron Dunsany
712185	OL770052A	/type/author	Gustav Hasford
7586821	OL590619A	/type/author	Kerri Bennett Williamson
2208423	OL230706A	/type/author	Chris Bunch
306572	OL33396A	/type/author	Reinaldo Arenas
492266	OL221112A	/type/author	Nancy Kress
717579	OL38952A	/type/author	Helen Fielding
52592	OL90211A	/type/author	George Sand
42691	OL2686089A	/type/author	André Malraux
54303	OL139769A	/type/author	Raymond Queneau
3461256	OL29755A	/type/author	Peg Kehret
14937	OL23075A	/type/author	Italo Calvino
3193296	OL2623691A	/type/author	Christina Scull
539167	OL2803A	/type/author	Bankim Chandra Chattopadhyay
4011833	OL423587A	/type/author	Burton Silver
1706793	OL382176A	/type/author	Tibor Fischer
4060379	OL1757947A	/type/author	Geoffrey Barraclough
1969008	OL235430A	/type/author	Malachy McCourt
1369694	OL19035A	/type/author	Jack Prelutsky
424340	OL401237A	/type/author	Jack Spicer
7461486	OL2787523A	/type/author	Brian Wansink
694293	OL381568A	/type/author	Kate Atkinson
4358025	OL1520963A	/type/author	Dan Jolley
505868	OL33607A	/type/author	Kate Wilhelm
59359	OL253641A	/type/author	Jack Vance
4994307	OL1390464A	/type/author	Tommy Tenney
3757881	OL234973A	/type/author	Michael Pearson
6125824	OL236718A	/type/author	Sheri Reynolds
963800	OL40043A	/type/author	Daniel Pinkwater
23533022	OL23878A	/type/author	Matthew Reilly
6418026	OL2711905A	/type/author	Richard &amp; Florence Atwater
551215	OL225243A	/type/author	Antony Beevor
876233	OL225606A	/type/author	Samuel Shem
1170516	OL22061A	/type/author	Charles Sheldon
8911702	OL1423191A	/type/author	Eileen Wilks
273563	OL57263A	/type/author	George Gissing
6926466	OL364763A	/type/author	Edward Blishen
25084169	OL3010376A	/type/author	José Rizal
84271	OL22553A	/type/author	John Kenneth Galbraith
980	OL244300A	/type/author	August Derleth
7873037	OL19371A	/type/author	Sonya Sones
202327	OL3147108A	/type/author	Marie Stopes
74573	OL1392872A	/type/author	Jenna Jameson
209494	OL1195462A	/type/author	William Pène du Bois
3310679	OL1392680A	/type/author	James Rollins
581157	OL81940A	/type/author	Ben Okri
1189930	OL26233A	/type/author	Minette Walters
3591266	OL2621824A	/type/author	Eric Van Lustbader
297797	OL453819A	/type/author	Richard Herrnstein
8897441	OL956268A	/type/author	Nancy Varian Berberick
2095709	OL428165A	/type/author	Charles G. Finney
294178	OL23251A	/type/author	Robert J. Sawyer
7267738	OL1393027A	/type/author	Mitchell Symons
8233758	OL169398A	/type/author	Theodor Herzl
1349742	OL238565A	/type/author	Penelope Lively
2425749	OL2729289A	/type/author	Kang Chol-Hwan
911838	OL1637A	/type/author	Pramoedya Ananta Toer
208828	OL1531146A	/type/author	Seabury Quinn
326310	OL544344A	/type/author	Nathanael West
1496277	OL2675824A	/type/author	Dorothy Kunhardt
9057706	OL220993A	/type/author	Alexander Jablokov
8197	OL18814A	/type/author	Desmond Morris
7398054	OL1522417A	/type/author	Rachel Klein
18938156	OL540486A	/type/author	J. D. Salinger
966307	OL1003497A	/type/author	Kevin Kelly
231187	OL66035A	/type/author	Jean Baudrillard
333341	OL69677A	/type/author	Stewart Brand
21443	OL19430A	/type/author	Neal Stephenson
15600	OL2629569A	/type/author	James Joyce
8875	OL235668A	/type/author	Dan Simmons
229198	OL382524A	/type/author	Haruki Murakami
54219	OL383116A	/type/author	H. L. Mencken
8095	OL2621475A	/type/author	Donald Knuth
761779	OL20678A	/type/author	Kage Baker
23005	OL274606A	/type/author	Philip K. Dick
7612	OL714579A	/type/author	Christopher Alexander
153926	OL219850A	/type/author	Alison Bechdel
27875	OL27964A	/type/author	Stephen Jay Gould
25523	OL35793A	/type/author	Richard Feynman
30029	OL25712A	/type/author	Terry Pratchett
15872	OL26320A	/type/author	J. R. R. Tolkien
173719	OL20167A	/type/author	Tracy Kidder
566666	OL772166A	/type/author	Peter Norvig
15949	OL34434A	/type/author	James Blish
355632	OL694945A	/type/author	John Keegan
32493	OL237446A	/type/author	Vernor Vinge
695839	OL2685003A	/type/author	Burton Malkiel
375987	OL20934A	/type/author	Connie Willis
568033	OL2623090A	/type/author	E. Annie Proulx
164641	OL336072A	/type/author	Armistead Maupin
9751	OL30250A	/type/author	E. B. White
8758	OL2686822A	/type/author	Douglas Hofstadter
407709	OL392227A	/type/author	Nicholson Baker
1078683	OL752202A	/type/author	Norman Maclean
75154	OL30614A	/type/author	Anne Lamott
16045	OL20903A	/type/author	James Thurber
17257	OL449110A	/type/author	Ken Kesey
26181	OL24137A	/type/author	Ray Bradbury
83117	OL2630682A	/type/author	Henry James
42758	OL365212A	/type/author	Murasaki Shikibu
314336	OL224977A	/type/author	Lewis Mumford
4927143	OL43482A	/type/author	Daniel Berkeley Updike
15824	OL27078A	/type/author	John Updike
43165	OL31120A	/type/author	Toni Morrison
16441	OL218264A	/type/author	Julia Child
456613	OL456480A	/type/author	Larry Gonick
102910	OL230240A	/type/author	Steve Martin
73252	OL2598986A	/type/author	Frank Miller
11891	OL118077A	/type/author	George Orwell
14573	OL34221A	/type/author	Isaac Asimov
3485413	OL359809A	/type/author	Steven T. Seagle
284325	OL28188A	/type/author	Madeleine L'Engle
157426	OL24856A	/type/author	Gene Wolfe
312597	OL710854A	/type/author	Nicholas Meyer
33904	OL30421A	/type/author	William Goldman
299541	OL20994A	/type/author	Frederick Forsyth
984	OL27695A	/type/author	Agatha Christie
12300	OL234664A	/type/author	George R. R. Martin
144871	OL1706751A	/type/author	Earl Derr Biggers
49370	OL142238A	/type/author	Anthony Burgess
95477	OL2793398A	/type/author	Upton Sinclair, Jr.
1696450	OL1389747A	/type/author	Joey Goebel
573092	OL21219A	/type/author	Franklin W. Dixon
205022	OL29487A	/type/author	Alan Dean Foster
33594	OL30256A	/type/author	William S. Burroughs
1647139	OL29882A	/type/author	Julie Anne Peters
312241	OL22672A	/type/author	Ruth Rendell
1179476	OL194665A	/type/author	A. N. Wilson
182812	OL230834A	/type/author	Tom Wolfe
411384	OL1130282A	/type/author	Ruth Plumly Thompson
160180	OL20188A	/type/author	Edith Wharton
179444	OL896624A	/type/author	Leslie Charteris
27885687	OL25342A	/type/author	Mary Shelley
57985	OL2625259A	/type/author	Ian Fleming
69951	OL460288A	/type/author	J. Neil Schulman
444645	OL39307A	/type/author	Dan Brown
2351276	OL27045A	/type/author	Melvin Burgess
42978	OL44633A	/type/author	Jack London
65145	OL66700A	/type/author	Paulo Coelho
939039	OL388649A	/type/author	Jamaica Kincaid
1796277	OL1199434A	/type/author	Henry De Vere Stacpoole
54835	OL21218A	/type/author	Carolyn Keene
13623	OL29497A	/type/author	Herman Melville
64688	OL20121A	/type/author	E. M. Forster
18951335	OL2624384A	/type/author	Arthur Conan Doyle
18598148	OL2623461A	/type/author	Arthur C. Clarke
157272	OL18236A	/type/author	Alexandre Dumas
2483229	OL226689A	/type/author	Jacquelyn Mitchard
1267233	OL2702212A	/type/author	David Michaels
62169	OL2657944A	/type/author	Gore Vidal
6097209	OL25161A	/type/author	Orson Scott Card
267989	OL388512A	/type/author	Candace Bushnell
568478	OL282174A	/type/author	Donna Williams
364503	OL1393195A	/type/author	Richard Morgan
950091	OL26982A	/type/author	Jonathan Carroll
28754	OL33600A	/type/author	Saul Bellow
2783502	OL886114A	/type/author	Thomas Rockwell
368058	OL35524A	/type/author	R. L. Stine
74155	OL34888A	/type/author	David Brin
1344874	OL30771A	/type/author	Meg Cabot
11736	OL23364A	/type/author	Frederik Pohl
16283	OL444620A	/type/author	James Clavell
625048	OL1345636A	/type/author	Anthony Berkeley Cox
358192	OL29079A	/type/author	Clive Cussler
14858	OL32312A	/type/author	Iain Banks
15782	OL21594A	/type/author	Jane Austen
15825	OL25788A	/type/author	John Steinbeck
376622	OL26995A	/type/author	Laurell K. Hamilton
15890	OL21491A	/type/author	Jack Kerouac
292059	OL27229A	/type/author	Brian Jacques
15770	OL113611A	/type/author	Jules Verne
750333	OL580795A	/type/author	S. S. Van Dine
1666061	OL32436A	/type/author	F. Paul Wilson
1607289	OL39006A	/type/author	Margaret Haddix
298694	OL383900A	/type/author	Bharati Mukherjee
1863602	OL482363A	/type/author	Mark Dunn
800465	OL22047A	/type/author	Tim LaHaye
1786747	OL32403A	/type/author	Jerry B. Jenkins
6521879	OL1660177A	/type/author	Ruth Manning-Sanders
2649333	OL765409A	/type/author	D.J. MacHale
20762	OL28257A	/type/author	Michael Crichton
434067	OL19887A	/type/author	Margaret Weis
406134	OL448253A	/type/author	Tracy Hickman
43149	OL32983A	/type/author	Ralph Ellison
1627061	OL108675A	/type/author	Shobha De
10852	OL79034A	/type/author	Frank Herbert
1168092	OL31238A	/type/author	Katherine Kurtz
836706	OL392512A	/type/author	John Banville
420617	OL218553A	/type/author	George MacDonald Fraser
38234	OL31384A	/type/author	Diana Wynne Jones
1797486	OL1240676A	/type/author	Blue Balliett
2339174	OL1430285A	/type/author	Holly Black
1187948	OL19363A	/type/author	Gary Paulsen
15927	OL402789A	/type/author	J. G. Ballard
319111	OL23292A	/type/author	Eric Flint
208551	OL25793A	/type/author	Bernard Cornwell
2233734	OL575353A	/type/author	Chris Crutcher
3750935	OL444529A	/type/author	John Myers Myers
982171	OL841112A	/type/author	Donna Tartt
6934531	OL582390A	/type/author	Samantha Weinberg
55490	OL34184A	/type/author	Roald Dahl
13459	OL13066A	/type/author	H. G. Wells
399823	OL23925A	/type/author	Michael Shaara
1646380	OL19786A	/type/author	A. A. Attanasio
367947	OL359798A	/type/author	Thomas Hughes
1152297	OL2086881A	/type/author	Tahar Ben Jelloun
88052	OL1386226A	/type/author	Cate Tiernan
2270754	OL2676697A	/type/author	Jane Lindskold
61267	OL26576A	/type/author	Tamora Pierce
965417	OL756864A	/type/author	David Lindsay
54078	OL388652A	/type/author	Robert Ludlum
3556835	OL40965A	/type/author	Nancy Holder
2204267	OL1395001A	/type/author	Jeff Mariotte
960797	OL3047082A	/type/author	Jaq D. Hawkins
18425	OL2958258A	/type/author	Leopold von Sacher-Masoch
16021	OL20956A	/type/author	John Irving
23669	OL19905A	/type/author	Piers Anthony
65463	OL20243A	/type/author	Graham Greene
12505972	OL27349A	/type/author	F. Scott Fitzgerald
701677	OL221813A	/type/author	Judith Krantz
292062	OL382982A	/type/author	Garth Nix
2207299	OL1424972A	/type/author	James Siegel
4550215	OL403735A	/type/author	Laurie Keller
4420846	OL161275A	/type/author	James Ramsey Ullman
6503945	OL19258A	/type/author	Kathryn Lasky
1134439	OL1386121A	/type/author	Ian Irvine
1046723	OL1387961A	/type/author	Susanna Clarke
31455	OL1385395A	/type/author	Terry Brooks
1022756	OL1224761A	/type/author	James Patterson
161757	OL33909A	/type/author	P. D. James
2093306	OL1393379A	/type/author	Simon Scarrow
143938	OL23535A	/type/author	Daniel Quinn
3601671	OL1452477A	/type/author	John Passarella
311198	OL19482A	/type/author	Louis L'Amour
1464891	OL21691A	/type/author	David Macaulay
1528710	OL1394266A	/type/author	Conn Iggulden
19444	OL66452A	/type/author	Miguel de Cervantes
828135	OL1398754A	/type/author	Malcolm Gladwell
48591	OL30101A	/type/author	Barbara Pym
65140	OL2658808A	/type/author	Samuel Richardson
7573	OL2621804A	/type/author	Clive Barker
1904692	OL248687A	/type/author	Warren Adler
765234	OL29240A	/type/author	Patricia A. McKillip
1567293	OL26365A	/type/author	Todd McCaffrey
8910	OL33088A	/type/author	Dean Koontz
345575	OL225246A	/type/author	Sidney Sheldon
101984	OL24805A	/type/author	Patrick O'Brian
442213	OL1394250A	/type/author	Steven Erikson
2159874	OL28369A	/type/author	Joanne Bertin
176386	OL1762634A	/type/author	Arthur Ransome
4459033	OL776499A	/type/author	Jeanne DuPrau
4357641	OL283967A	/type/author	Cameron Dokey
27884	OL2631678A	/type/author	Walter Scott
44213	OL32271A	/type/author	Theodore Dreiser
983	OL124171A	/type/author	Albert Camus
16496	OL220198A	/type/author	Judy Blume
2819008	OL840268A	/type/author	Irene Hunt
1933747	OL1394865A	/type/author	Brandon Sanderson
23664291	OL197515A	/type/author	Dorothy L. Sayers
4435826	OL19962A	/type/author	Candice F. Ransom
81853	OL242164A	/type/author	Terry Goodkind
876263	OL2631434A	/type/author	Lawrence M. Krauss
298425	OL150266A	/type/author	Umberto Saba
348311	OL33221A	/type/author	Joan Didion
61822	OL34337A	/type/author	Michael Ondaatje
16861	OL20187A	/type/author	Kurt Vonnegut
524306	OL30266A	/type/author	Ian Rankin
1128992	OL113754A	/type/author	E. V. Lucas
26370	OL2645644A	/type/author	Robert Jordan
472560	OL657204A	/type/author	Chris Van Allsburg
18949879	OL20763A	/type/author	Douglas Coupland
4337658	OL2657369A	/type/author	Paul B. Thompson
899812	OL733502A	/type/author	Keri Hulme
314475	OL575487A	/type/author	Carrie Fisher
356410	OL32223A	/type/author	Tom Robbins
503582	OL534333A	/type/author	Rebecca St. James
577923	OL1385346A	/type/author	James Alan Gardner
4517471	OL829391A	/type/author	Olive Ann Burns
390732	OL2623366A	/type/author	Rob Grant
456683	OL2678246A	/type/author	Max Barry
2789147	OL31201A	/type/author	Myla Goldberg
61647	OL19880A	/type/author	Anne McCaffrey
172007	OL72492A	/type/author	Maurice Shadbolt
4481	OL32541A	/type/author	Beatrix Potter
207772	OL27278A	/type/author	Harry Harrison
5836875	OL1394235A	/type/author	Cecilia Dart-Thornton
206389	OL465226A	/type/author	Peter O'Donnell
333250	OL33242A	/type/author	John Maxwell Coetzee
630641	OL21767A	/type/author	Jonathan Lethem
623239	OL336504A	/type/author	Alexander McCall Smith
353462	OL25234A	/type/author	Jack Higgins
409591	OL25849A	/type/author	Thomas Harris
1214167	OL25535A	/type/author	Barry Unsworth
63969	OL24312A	/type/author	Chuck Palahniuk
3159587	OL710234A	/type/author	Richard Christian Matheson
924	OL29881A	/type/author	A. A. Milne
5746612	OL405842A	/type/author	Kate Constable
855628	OL1340172A	/type/author	Antonia Forest
161275	OL22358A	/type/author	Wilkie Collins
34074	OL34096A	/type/author	Witold Gombrowicz
262471	OL237627A	/type/author	Glen Cook
102849	OL22398A	/type/author	Lindsey Davis
681046	OL18722A	/type/author	Jane Yolen
1131959	OL2660181A	/type/author	Adam Roberts
165755	OL116106A	/type/author	Pearl S. Buck
1005844	OL2851A	/type/author	Khushwant Singh
838335	OL29053A	/type/author	Anthony Horowitz
87240	OL23226A	/type/author	Martin Amis
5011298	OL36217A	/type/author	Libba Bray
1008133	OL223145A	/type/author	Peter Farrelly
9657	OL146605A	/type/author	Edgar Rice Burroughs
83499	OL28493A	/type/author	Kazuo Ishiguro
62075	OL217824A	/type/author	Harold Robbins
4521034	OL747137A	/type/author	Melina Marchetta
172038	OL20985A	/type/author	Laurie R. King
30271	OL40077A	/type/author	Tim Powers
1373754	OL531502A	/type/author	Diana Gabaldon
324581	OL28104A	/type/author	Cormac McCarthy
454695	OL2645254A	/type/author	Walter Moers
40212	OL23207A	/type/author	Harry Turtledove
1524386	OL328884A	/type/author	Charlotte Delbo
99988	OL538087A	/type/author	Olaf Stapledon
1185988	OL20919A	/type/author	Alberto Moravia
38239	OL152307A	/type/author	Hugh Lofting
66877	OL2644192A	/type/author	Daphne du Maurier
26056	OL216556A	/type/author	Robert Anton Wilson
4619765	OL2660314A	/type/author	Dirk Cussler
4544654	OL2923406A	/type/author	Gavin Baddeley
2825320	OL68232A	/type/author	Graham Edwards
22055	OL53305A	/type/author	Neil Gaiman
473512	OL33665A	/type/author	William T. Vollmann
2173143	OL3088892A	/type/author	James Swallow
202155	OL73278A	/type/author	John Cleland
254718	OL39939A	/type/author	Jeffrey Shaara
469859	OL79552A	/type/author	Donald Keene
675488	OL21225A	/type/author	Janet Evanovich
635637	OL1008572A	/type/author	Michael de Larrabeiti
57826	OL19807A	/type/author	Stephen Baxter
84957	OL74469A	/type/author	Theodor Fontane
178887	OL22525A	/type/author	Caroline B. Cooney
659648	OL22443A	/type/author	Pat Barker
180913	OL10240A	/type/author	Ivan Turgenev
2115829	OL92474A	/type/author	Sally Beauman
63342	OL136197A	/type/author	P. G. Wodehouse
144369	OL22032A	/type/author	Rex Stout
1417543	OL542762A	/type/author	Miyuki Miyabe
251879	OL237717A	/type/author	Al Franken
25663	OL2632008A	/type/author	Raymond Chandler
1136578	OL1392832A	/type/author	Jon Courtenay Grimwood
521091	OL582856A	/type/author	Martin Caidin
1301943	OL27174A	/type/author	Wilson Rawls
1025125	OL2725727A	/type/author	Gael Baudino
3975949	OL3271841A	/type/author	Emma McLaughlin
5050	OL947811A	/type/author	Bill Bryson
759866	OL292141A	/type/author	Tad Williams
53209	OL236182A	/type/author	Lloyd Alexander
13546	OL18298A	/type/author	Henry Fielding
26243	OL1684660A	/type/author	Robert Bloch
1270566	OL454029A	/type/author	Tobias Wolff
545351	OL1194290A	/type/author	Brian Herbert
37238	OL36575A	/type/author	Kevin J. Anderson
867380	OL2827561A	/type/author	Neal Asher
25389	OL28641A	/type/author	Robert A. Heinlein
105811	OL408063A	/type/author	Charlotte Perkins Gilman
180456	OL2427227A	/type/author	Mary Stewart
1355323	OL369568A	/type/author	Melanie Rawn
501007	OL1106410A	/type/author	Jeff Grubb
89293	OL40139A	/type/author	Robert Forward
4949498	OL24321A	/type/author	Virginia Sorenson
148685	OL141473A	/type/author	Vilhelm Moberg
833777	OL59660A	/type/author	Wolfgang Hohlbein
1164399	OL24769A	/type/author	Kathy Reichs
1023362	OL1238347A	/type/author	Donald Kingsbury
1146295	OL39232A	/type/author	Sarah Waters
555332	OL395837A	/type/author	Robin Hobb
681343	OL1423518A	/type/author	Kelley Armstrong
16449	OL215610A	/type/author	Jerome K. Jerome
904063	OL28165A	/type/author	David Baldacci
184434	OL31496A	/type/author	C. J. Cherryh
1586395	OL39335A	/type/author	Jerry Spinelli
13433	OL33439A	/type/author	Henryk Sienkiewicz
2087822	OL386230A	/type/author	Judith Rossner
176157	OL656393A	/type/author	Thomas L. Friedman
80880	OL766555A	/type/author	Georgette Heyer
17202	OL223138A	/type/author	Kingsley Amis
22981351	OL30405A	/type/author	Jim Crace
2066739	OL1389746A	/type/author	Ann Brashares
634686	OL22429A	/type/author	Greg Rucka
339	OL59188A	/type/author	Ayn Rand
2017775	OL248608A	/type/author	Ann Patchett
596298	OL194404A	/type/author	Jimmy Breslin
375589	OL2644582A	/type/author	John Marsden
999060	OL1638611A	/type/author	Edmund Cooper
8432	OL24453A	/type/author	Dave Barry
710275	OL32217A	/type/author	Ridley Pearson
827142	OL539316A	/type/author	Annette Curtis Klause
37736	OL22865A	/type/author	Roger Zelazny
3350800	OL1395449A	/type/author	Chris Pierson
15823	OL19441A	/type/author	Joseph Conrad
5859969	OL117004A	/type/author	Jean Lee Latham
63689	OL28577A	/type/author	Patricia Highsmith
2961798	OL814492A	/type/author	David Vernon
1074168	OL370202A	/type/author	Moyra Caldecott
2684714	OL217734A	/type/author	Lucia St. Clair Robson
15656	OL228968A	/type/author	John Wyndham
5363922	OL770248A	/type/author	Malcolm Rose
2194001	OL2711066A	/type/author	Douglas Preston
670624	OL1392769A	/type/author	Lincoln Child
170947	OL2623726A	/type/author	Patricia Cornwell
5802055	OL32047A	/type/author	Nancy Willard
1595173	OL273845A	/type/author	Donald James
3838	OL226057A	/type/author	Bruce Sterling
611386	OL1425963A	/type/author	Christopher Paolini
65137	OL21250A	/type/author	Lawrence Durrell
3002947	OL350248A	/type/author	Fred Vargas
960372	OL449104A	/type/author	A. B. Guthrie, Jr.
162182	OL219597A	/type/author	Gaston Leroux
51418	OL29174A	/type/author	Nikos Kazantzakis
1763741	OL29219A	/type/author	Jonathan Stroud
1111022	OL28952A	/type/author	Sebastian Faulks
65447	OL711465A	/type/author	Robert R. McCammon
105657	OL1349906A	/type/author	Eric Frank Russell
5304639	OL1518558A	/type/author	Scott Phillips
195087	OL29774A	/type/author	Louis Sachar
2541727	OL181988A	/type/author	Douglas Niles
96429	OL35145A	/type/author	Flannery O'Connor
16336	OL216755A	/type/author	Jeffrey Archer
19965375	OL1755202A	/type/author	Leonard Cohen
83237	OL735112A	/type/author	David Gemmell
729475	OL1386289A	/type/author	Lynn Flewelling
149895	OL106022A	/type/author	R. K. Narayan
25867	OL236174A	/type/author	Richard Dawkins
154450	OL18319A	/type/author	Mark Twain
3556731	OL66055A	/type/author	Christopher Golden
5858768	OL1432840A	/type/author	Craig Dirgo
5616961	OL3042054A	/type/author	David Wellington
55995	OL221451A	/type/author	K. M. Peyton
210602	OL23038A	/type/author	John Fowles
1449731	OL24396A	/type/author	Kenneth Oppel
79581	OL20588A	/type/author	Daniel Handler
33718	OL21831A	/type/author	William Faulkner
32003	OL20735A	/type/author	Umberto Eco
1383942	OL1435936A	/type/author	Andy Riley
335524	OL22665A	/type/author	Vikram Seth
84935	OL18528A	/type/author	John Buchan, 1st Baron Tweedsmuir
164156	OL22583A	/type/author	Willa Cather
504012	OL334390A	/type/author	Mark Gatiss
1801317	OL358573A	/type/author	Steve Moore
30265	OL25277A	/type/author	Tom Clancy
199922	OL241416A	/type/author	Margery Allingham
237852	OL444279A	/type/author	David Lodge
30903	OL384171A	/type/author	Thomas Pynchon
1625	OL2622052A	/type/author	Aleksandr Isayevich Solzhenitsyn
163282	OL1391602A	/type/author	Ricky Gervais
242343	OL235327A	/type/author	Robert Silverberg
26071	OL70357A	/type/author	Robert M. Pirsig
3465773	OL2734139A	/type/author	S. D. Perry
1212924	OL2628433A	/type/author	David Mitchell
432529	OL1005396A	/type/author	Elizabeth George Speare
204636	OL21657A	/type/author	Thomas M. Disch
74621	OL2748628A	/type/author	John Sladek
248333	OL3869A	/type/author	Michail Aleksandrovich Sholokhov
199942	OL221009A	/type/author	Lois Lowry
211274	OL39102A	/type/author	Michael Swanwick
4357795	OL752177A	/type/author	Ashley McConnell
931898	OL433234A	/type/author	Terry Deary
180695	OL21917A	/type/author	Timothy Zahn
397340	OL2657678A	/type/author	Bruno Schulz
911135	OL450538A	/type/author	Mark Helprin
102355	OL689972A	/type/author	Morley Callaghan
911792	OL24282A	/type/author	Eric S. Nylund
412908	OL18978A	/type/author	Elmore Leonard
4795020	OL2802825A	/type/author	Martin Oliver
1749167	OL1394353A	/type/author	Jamie O'Neill
21083854	OL343363A	/type/author	Alasdair Gray
18707	OL32292A	/type/author	Luigi Pirandello
1446274	OL217129A	/type/author	Dorothy Allison
1494706	OL29622A	/type/author	Robin McKinley
4372124	OL38901A	/type/author	Scott Westerfeld
172033	OL465130A	/type/author	John Dickson Carr
1633688	OL38344A	/type/author	Peter Kreeft
4472908	OL713244A	/type/author	Robert Goldsborough
2539643	OL32259A	/type/author	Amelia Atwater-Rhodes
2319987	OL30865A	/type/author	Robert Olen Butler
167576	OL923576A	/type/author	Robert Rankin
959007	OL61295A	/type/author	Hermann Broch
961575	OL956165A	/type/author	Edwin O'Connor
449583	OL453119A	/type/author	Mark Haddon
839748	OL1714264A	/type/author	Vladimir Voinovich
24050	OL28006A	/type/author	Peter F. Hamilton
3800825	OL21020A	/type/author	Mo Hayder
2308476	OL36780A	/type/author	Mel Odom
24994	OL2705452A	/type/author	Peter David
2577973	OL1601536A	/type/author	Troy Denning
1072859	OL1096827A	/type/author	Zona Gale
10393	OL18394A	/type/author	Edward Bulwer-Lytton, 1st Baron Lytton
354214	OL727875A	/type/author	Donald Hamilton
53201	OL230514A	/type/author	David Eddings
143761	OL26435A	/type/author	Ira Levin
14328	OL45249A	/type/author	Hunter S. Thompson
44445	OL23206A	/type/author	Greg Bear
280739	OL714247A	/type/author	John M. Ford
1529353	OL39133A	/type/author	George Saunders
4124729	OL65861A	/type/author	Gary Zukav
372739	OL216064A	/type/author	Helen Hunt Jackson
5151658	OL2630462A	/type/author	Joseph Delaney
98651	OL32884A	/type/author	Michael Chabon
658648	OL439628A	/type/author	Barry B. Longyear
44191	OL19964A	/type/author	D. H. Lawrence
349699	OL1391288A	/type/author	Alex Sanchez
6391831	OL1475655A	/type/author	Phyllis Eisenstein
25674	OL23561A	/type/author	Richard Bach
4196525	OL1394359A	/type/author	Suzanne Collins
628	OL19767A	/type/author	Aldous Huxley
164100	OL22157A	/type/author	Harriet Beecher Stowe
5076410	OL26069A	/type/author	N. Scott Momaday
201597	OL25176A	/type/author	Gordon R. Dickson
840197	OL220820A	/type/author	Charles Frazier
869600	OL1638890A	/type/author	Charles A. Murray
2720628	OL452430A	/type/author	David Wingrove
2066521	OL46949A	/type/author	Paul Dini
228998	OL454925A	/type/author	Christopher Hitchens
21814770	OL26459A	/type/author	Langston Hughes
6582702	OL2660348A	/type/author	Marisha Pessl
25757	OL72498A	/type/author	Robertson Davies
3153889	OL222484A	/type/author	Sue Miller
617749	OL2480740A	/type/author	Julian Cope
2959635	OL2629318A	/type/author	Neil Strauss
773039	OL242120A	/type/author	Randall Jarrell
78191	OL410117A	/type/author	Nevil Shute
13049	OL24528A	/type/author	George Eliot
2454141	OL25594A	/type/author	John Darnton
269742	OL1392395A	/type/author	Eoin Colfer
1093625	OL417644A	/type/author	Miriam Toews
69168	OL1392192A	/type/author	Alastair Reynolds
443990	OL529113A	/type/author	Alexandra Ripley
4356944	OL1385862A	/type/author	Diana G. Gallagher
2023793	OL1386288A	/type/author	Christie Golden
1408021	OL2645460A	/type/author	Arthur Golden
2593747	OL529915A	/type/author	Virginia Lee Burton
987691	OL219559A	/type/author	Maureen F. McHugh
364358	OL19066A	/type/author	A. S. Byatt
1677893	OL397339A	/type/author	Susan Estrich
3027752	OL27773A	/type/author	Sharon Creech
3992	OL31727A	/type/author	Bram Stoker
1948641	OL2725439A	/type/author	Irma S. Rombauer
209942	OL616455A	/type/author	Anthony Powell
18188	OL2623264A	/type/author	L. Frank Baum
21787	OL26681A	/type/author	Nathaniel Hawthorne
414052	OL402869A	/type/author	Jean M. Auel
9428	OL13640A	/type/author	Ernest Hemingway
2466072	OL1010397A	/type/author	Fannie Hurst
163548	OL18053A	/type/author	E. Nesbit
227458	OL19665A	/type/author	E. L. Doctorow
6726003	OL246312A	/type/author	Michael McCollum
239320	OL355899A	/type/author	Ignatius Donnelly
1915255	OL716700A	/type/author	Francine Pascal
375998	OL21743A	/type/author	Russell Hoban
246124	OL32722A	/type/author	Dave Eggers
1453769	OL2337786A	/type/author	Gwethalyn Graham
2767947	OL1402850A	/type/author	Chetan Bhagat
209892	OL238796A	/type/author	Julian Barnes
179858	OL161177A	/type/author	Dodie Smith
2803945	OL1434857A	/type/author	Richard Paul Russo
180268	OL22984A	/type/author	Ha Jin
5316077	OL1426747A	/type/author	Morag Joss
48555	OL68775A	/type/author	Irvine Welsh
193154	OL27107A	/type/author	Anthony Hope
4707934	OL756881A	/type/author	Christopher Rowley
783923	OL221083A	/type/author	Barbara Kingsolver
18951262	OL39486A	/type/author	Anne Rice
1069110	OL2657094A	/type/author	Aharon Appelfeld
1105739	OL2645205A	/type/author	Paul Scott
1381073	OL25968A	/type/author	George Barr McCutcheon
1707319	OL1394231A	/type/author	John Scalzi
33187	OL33585A	/type/author	W. Somerset Maugham
1430197	OL194880A	/type/author	Sara Douglass
749414	OL105306A	/type/author	Amitav Ghosh
77618	OL188486A	/type/author	Mario Puzo
176935	OL391839A	/type/author	James Baldwin
386786	OL19688A	/type/author	William Sleator
173612	OL30802A	/type/author	Octavia E. Butler
3158450	OL531581A	/type/author	Angie Sage
3485556	OL404612A	/type/author	Craig Shaw Gardner
6332982	OL774417A	/type/author	Bill Buford
3322953	OL40087A	/type/author	David Sherman
3325809	OL445925A	/type/author	Dan Cragg
8091	OL272947A	/type/author	Douglas Adams
63401	OL231965A	/type/author	Stephen Fry
13447	OL2180322A	/type/author	Horace Walpole, 4th Earl of Orford
1404902	OL2629960A	/type/author	Trudi Canavan
756084	OL2633782A	/type/author	John Gardner
201160	OL67141A	/type/author	Adolfo Bioy Casares
4522669	OL32624A	/type/author	Elizabeth Levy
10518	OL20891A	/type/author	Elie Wiesel
141931	OL26997A	/type/author	J. M. Barrie
1185073	OL1391983A	/type/author	Robert Tressell
2361051	OL1437837A	/type/author	Elizabeth Kostova
5855048	OL727155A	/type/author	Maia Wojciechowska
3306756	OL26319A	/type/author	Alice Borchardt
84958	OL22173A	/type/author	Anita Brookner
19500	OL444312A	/type/author	Mervyn Peake
6254904	OL39051A	/type/author	Morgan Llywelyn
2889511	OL1393303A	/type/author	Gregory David Roberts
665393	OL1240098A	/type/author	John Masters
4581410	OL91371A	/type/author	May Gibbs
26308	OL2621550A	/type/author	Rudyard Kipling
53210	OL25926A	/type/author	Marion Zimmer Bradley
256205	OL952410A	/type/author	Robert McCloskey
98597	OL3290636A	/type/author	Samuel Shellabarger
24419	OL194885A	/type/author	Peter Carey
3002600	OL2658569A	/type/author	Paul Stewart
4024653	OL535666A	/type/author	Chris Riddell
4740631	OL403719A	/type/author	Ron Rash
5662905	OL3105385A	/type/author	Kouhei Kadono
1745445	OL196255A	/type/author	Jill Paton Walsh
179596	OL78930A	/type/author	T. Coraghessan Boyle
26444	OL219525A	/type/author	Robert Louis Stevenson
50321	OL220796A	/type/author	Amy Tan
70229	OL2656894A	/type/author	Joan Lindsay
814787	OL890666A	/type/author	Scott O'Dell
21345243	OL2660296A	/type/author	Donatien Alphonse François de Sade, Marquis de Sade
32037	OL31353A	/type/author	Ursula K. Le Guin
1602443	OL238359A	/type/author	Ralph Peters
724764	OL33236A	/type/author	Raymond Benson
400749	OL92942A	/type/author	David Drake
220477	OL1394244A	/type/author	Cory Doctorow
182740	OL558004A	/type/author	John Shirley
37222	OL26545A	/type/author	Philip Pullman
946543	OL241233A	/type/author	Pat Frank
424513	OL22554A	/type/author	Lloyd C. Douglas
2110249	OL26658A	/type/author	Zilpha Keatley Snyder
286228	OL1412233A	/type/author	Jacques Futrelle
7126906	OL2918727A	/type/author	Dorita Fairlie Bruce
1136317	OL408879A	/type/author	Eleanor H. Porter
16315	OL1043820A	/type/author	Joseph Campbell
1152	OL232816A	/type/author	Alan Garner
532456	OL220530A	/type/author	Gregory Keyes
30085	OL22973A	/type/author	Thomas Mann
1608465	OL449675A	/type/author	John Pearson
158097	OL507165A	/type/author	Shirley Jackson
2499901	OL29311A	/type/author	Giles Foden
50714	OL19493A	/type/author	Sinclair Lewis
2833814	OL715648A	/type/author	Charles Major
744717	OL218462A	/type/author	Colson Whitehead
2267837	OL1452221A	/type/author	Brian Keene
52279	OL27681A	/type/author	Ben Elton
45368	OL448939A	/type/author	David Foster Wallace
155736	OL239800A	/type/author	Truman Capote
4353863	OL92915A	/type/author	Pierce Askegren
123612	OL27530A	/type/author	John Rawls
101631	OL220942A	/type/author	Yukio Mishima
234478	OL580551A	/type/author	James M. Cain
11565121	OL258713A	/type/author	Richard Adams
161229	OL23767A	/type/author	Frances Hodgson Burnett
252760	OL232501A	/type/author	Bernard Malamud
567030	OL50259A	/type/author	George Mackay Brown
2825513	OL231686A	/type/author	Gentry Lee
1250279	OL382590A	/type/author	Edward Yourdon
633134	OL1517974A	/type/author	Flavia Bujor
4856091	OL1392635A	/type/author	Gideon Defoe
4357345	OL1425790A	/type/author	Laura Anne Gilman
4357421	OL60480A	/type/author	Josepha Sherman
1085726	OL27775A	/type/author	J. D. Beresford
23932	OL2606417A	/type/author	Patrick White
3660935	OL538081A	/type/author	Robert Antoni
6186548	OL568143A	/type/author	Upamanyu Chatterjee
39449	OL4328814A	/type/author	Mikhail Bulgakov
182240	OL29465A	/type/author	Nelson Algren
374153	OL58855A	/type/author	Herman Wouk
8855	OL2622837A	/type/author	Dr. Seuss
4111450	OL20133A	/type/author	Kiran Desai
51680	OL27144A	/type/author	Paula Danziger
931899	OL4360919A	/type/author	B. Traven
256668	OL86811A	/type/author	Ismail Kadare
152265	OL26626A	/type/author	Richard Brautigan
2961956	OL272486A	/type/author	Harold Keith
353377	OL1392222A	/type/author	John C. Wright
361017	OL397826A	/type/author	S. E. Hinton
4750654	OL226264A	/type/author	John Bibee
60280	OL52922A	/type/author	Margaret Atwood
104121	OL222510A	/type/author	Jean Rhys
1043768	OL1801025A	/type/author	Eugene Burdick
67000	OL227779A	/type/author	Stephen R. Donaldson
13895	OL23361A	/type/author	Hal Clement
75647	OL27077A	/type/author	Carl Hiaasen
3251501	OL1387707A	/type/author	Jack Kerley
4089599	OL31210A	/type/author	David Macfarlane
4457801	OL1518083A	/type/author	Sarah Micklem
4484462	OL1391085A	/type/author	Stephenie Meyer
4734491	OL1434553A	/type/author	Naomi Novik
44845	OL49630A	/type/author	Alessandro Manzoni
1465948	OL840363A	/type/author	Susan Swan
421320	OL126038A	/type/author	Jorge Amado
2894726	OL39841A	/type/author	Gillian Bradshaw
1894358	OL92925A	/type/author	Keith R. A. DeCandido
2783223	OL23432A	/type/author	Elizabeth Yates
4310920	OL2787502A	/type/author	Tim Pratt
5404595	OL220362A	/type/author	Paullina Simons
61998	OL39329A	/type/author	John Grisham
296047	OL116017A	/type/author	Ivan Goncharov
44086	OL317518A	/type/author	Lew Wallace
197050	OL108022A	/type/author	Howard Fast
18210	OL33881A	/type/author	Larry Niven
33119	OL2622975A	/type/author	William Gibson
4795230	OL631271A	/type/author	Lily Brett
2870539	OL92779A	/type/author	Rachel Field
20864	OL2625323A	/type/author	Margaret Mitchell
275044	OL23250A	/type/author	Sean McMullen
794423	OL2657681A	/type/author	Andrei Bely
163404	OL25453A	/type/author	Joanne Harris
1861187	OL546059A	/type/author	Will Shetterly
564357	OL457501A	/type/author	E. L. Konigsburg
877057	OL538274A	/type/author	Dave Wolverton
342948	OL45045A	/type/author	Kristen Britain
25625	OL19731A	/type/author	Richard Matheson
6388260	OL265902A	/type/author	John Green
1742128	OL35868A	/type/author	William Wells Brown
292058	OL30207A	/type/author	John Crowley
1343060	OL21554A	/type/author	Gregory Maguire
4068953	OL1516311A	/type/author	Juliet Marillier
18733	OL21317A	/type/author	Lois McMaster Bujold
1283609	OL28567A	/type/author	Isobelle Carmody
13114	OL230170A	/type/author	Geoff Ryman
181227	OL22132A	/type/author	Beverly Cleary
32619	OL24136A	/type/author	V.S. Naipaul
388084	OL40671A	/type/author	James Ellroy
50631	OL33842A	/type/author	Ford Madox Ford
63101	OL340903A	/type/author	James Hilton
17988	OL53291A	/type/author	Laurence Sterne
4347610	OL389360A	/type/author	Robert Holdstock
412166	OL28221A	/type/author	Linda Sue Park
5803361	OL27450A	/type/author	Betsy Byars
525815	OL77815A	/type/author	Bryce Courtenay
193486	OL21305A	/type/author	Maeve Binchy
13578	OL76437A	/type/author	Hermann Hesse
78239	OL2628715A	/type/author	Julie Andrews
1398851	OL1412764A	/type/author	Khaled Hosseini
191468	OL1393212A	/type/author	Jasper Fforde
1186092	OL420515A	/type/author	David McCullough
5884532	OL33261A	/type/author	Elizabeth Enright
706245	OL236414A	/type/author	Robert Greene
205593	OL30350A	/type/author	Zane Grey
5859024	OL390196A	/type/author	Paul Kemprecos
19358	OL394285A	/type/author	Michael Moorcock
1375162	OL25111A	/type/author	Jon Scieszka
4114648	OL448404A	/type/author	Lane Smith
17269	OL24812A	/type/author	Ken MacLeod
744619	OL31285A	/type/author	Allen Drury
147422	OL32584A	/type/author	Eudora Welty
1624003	OL223753A	/type/author	Anita Diamant
427213	OL656644A	/type/author	Ryu Murakami
151398	OL21808A	/type/author	Philip Roth
371150	OL241532A	/type/author	Flann O'Brien
3719691	OL27549A	/type/author	Mitch Cullin
175458	OL39125A	/type/author	Sue Townsend
2348163	OL227534A	/type/author	Iain Pears
3200483	OL889814A	/type/author	Christianna Brand
50685	OL133863A	/type/author	E. C. Bentley
261091	OL1096272A	/type/author	Alistair MacLean
2386300	OL1181660A	/type/author	Edwin Balmer
162063	OL215713A	/type/author	Frank Norris
731800	OL592356A	/type/author	Barry N. Malzberg
286841	OL20246A	/type/author	Owen Wister
90114	OL27918A	/type/author	Mark Z. Danielewski
868487	OL33419A	/type/author	Tim Dorsey
164181	OL114334A	/type/author	John A. Hobson
1179445	OL1958514A	/type/author	Geraldine Brooks
8193	OL18283A	/type/author	Daniel Defoe
2235670	OL426279A	/type/author	Leo Perutz
2749855	OL39124A	/type/author	Wendelin Van Draanen
690199	OL39299A	/type/author	Cynthia Voigt
164486	OL2658629A	/type/author	Kate Douglas Wiggin
364972	OL446566A	/type/author	Edward Abbey
33580	OL151016A	/type/author	William Saroyan
284319	OL512381A	/type/author	Joy Kogawa
276003	OL27633A	/type/author	Michael Cunningham
250505	OL227627A	/type/author	Erica Jong
207769	OL26980A	/type/author	Joe Haldeman
60682	OL52840A	/type/author	Mordecai Richler
526058	OL215689A	/type/author	G. A. Henty
382189	OL4728453A	/type/author	Craig Thomas
3907013	OL2074201A	/type/author	Lloyd Osbourne
843070	OL31770A	/type/author	Alan Warner
1001251	OL1427796A	/type/author	Robert Spencer
207596	OL2205533A	/type/author	Cornell Woolrich
2535361	OL24924A	/type/author	Megan Whalen Turner
