16332528	OL1822526W	/type/work	Apex Hides the Hurt
2462995	OL2664686W	/type/work	Annie John
5050307	OL136314W	/type/work	Little Essays Toward Truth
434138	OL5036943W	/type/work	Count Belisarius
4726896	OL758770W	/type/work	Choose Me
14137325	OL2970904W	/type/work	I'm Dysfunctional, You're Dysfunctional
708688	OL506264W	/type/work	Where Late the Sweet Birds Sang
5918435	OL823146W	/type/work	How Buildings Learn
444198	OL1337066W	/type/work	Lord Emsworth and Others
5419833	OL5758754W	/type/work	Placebo Effect
3195586	OL500181W	/type/work	The Year of Magical Thinking
890394	OL3290738W	/type/work	Sirius
10178524	OL492872W	/type/work	The Princess Diaries
4258322	OL883449W	/type/work	Four Fires
6206244	OL547741W	/type/work	Olivia Joules and The Overactive Imagination
6464546	OL503270W	/type/work	The Dissolution of Nicholas Dee
2532588	OL3297227W	/type/work	Cause for Alarm
3038250	OL20932W	/type/work	Felix Holt, the Radical
5513825	OL7919630W	/type/work	Echoes of the great song
11421712	OL891946W	/type/work	Second Glance
4584761	OL3156461W	/type/work	The Jesus Papers: Exposing the Greatest Cover-Up in History
1117383	OL45869W	/type/work	Esio Trot
8192199	OL8418621W	/type/work	God is Red
694213	OL2969472W	/type/work	Something Might Happen
5293079	OL7915423W	/type/work	A New Lease of Death
2165962	OL5730224W	/type/work	The Big Over Easy
6549687	OL500176W	/type/work	Miami
12196753	OL96069W	/type/work	The Last American
3173282	OL49677W	/type/work	Hart's Hope
1930184	OL6805309W	/type/work	It Happened to Nancy: By an Anonymous Teenager
13008961	OL9692645W	/type/work	Cry of the Justice Bird
1253619	OL2629634W	/type/work	A Book of Prefaces
1595100	OL2918753W	/type/work	The Children's Story
79120	OL77826W	/type/work	Interview with the Vampire
6025561	OL108151W	/type/work	The Tomb
599676	OL1812931W	/type/work	The Rules of Attraction
9349974	OL42458W	/type/work	And Then You Die
4652940	OL136331W	/type/work	Diary of a Drug Fiend
12032419	OL79329W	/type/work	Promise Me
10136391	OL5732127W	/type/work	Cusp
13542804	OL79334W	/type/work	Just One Look
5698295	OL5738159W	/type/work	Gil's All Fright Diner
4784440	OL1937762W	/type/work	Hornblower and the Crisis
4164045	OL3412510W	/type/work	Agapē Agape
13994115	OL1518058W	/type/work	The Mind of Mr. J. G. Reeder
8757546	OL13770W	/type/work	Between the Strokes of Night
5160255	OL29280W	/type/work	Wild Magic
12916365	OL679342W	/type/work	InterWorld
2153475	OL64466W	/type/work	Antic Hay
2546296	OL72856W	/type/work	Flux
2378467	OL72855W	/type/work	Ring
16250549	OL12528682W	/type/work	"""C"" Is for Corpse"
12473392	OL2561879W	/type/work	A Short History of the World
18491744	OL459389W	/type/work	The Unwilling Warlord
711958	OL5819899W	/type/work	Eldest
5328289	OL262975W	/type/work	The Lost Boy
1571251	OL3495954W	/type/work	Side Effects
5111769	OL121492W	/type/work	Chinese Cinderella
1796535	OL2547242W	/type/work	A Lesson Before Dying
4412193	OL3909679W	/type/work	Swan Song
496939	OL17408W	/type/work	2061: Odyssey Three
13339517	OL14871040W	/type/work	Joseph Banks: A Life
4968585	OL14850137W	/type/work	Brian's Hunt
6901516	OL3243701W	/type/work	Kiss Kiss Bang Bang
10746640	OL17028W	/type/work	Far-Seer
8753233	OL8861817W	/type/work	Bimbos of the Death Sun
9714255	OL516502W	/type/work	Hydrofoil Mystery
14560286	OL480957W	/type/work	Jane and Prudence
4178539	OL100078W	/type/work	Hawksong
6324034	OL547172W	/type/work	Uglies
4081329	OL5727091W	/type/work	Allies of the Night
11400295	OL15197507W	/type/work	The Prince
15053807	OL275825W	/type/work	Odalisque
27490	OL66562W	/type/work	Sense and Sensibility
3974913	OL184430W	/type/work	Onion John
7872335	OL31142W	/type/work	Dead Famous
8384614	OL2973255W	/type/work	Alternatives To Sex
12077469	OL5746627W	/type/work	I Am A Woman
5806151	OL548184W	/type/work	Among the Free
4954624	OL5709573W	/type/work	The Sands of Time
11324819	OL5857557W	/type/work	British Summertime
1750296	OL755472W	/type/work	Country of the Blind
1369405	OL74554W	/type/work	Cyberia:Life in the Trenches of Hyperspace
16292092	OL35621W	/type/work	Bloodchild and Other Stories
15728970	OL1816344W	/type/work	Under the Blood Red Sun
4858001	OL15094991W	/type/work	How I Learned To Fly
10379089	OL3500085W	/type/work	Ratha’s Creature
371520	OL18412W	/type/work	Dorothy and the Wizard in Oz
8230205	OL883462W	/type/work	Matthew Flinders' Cat
2362446	OL14851928W	/type/work	The Graveyard Game
10450773	OL14856840W	/type/work	The Gates of the Forest
4910969	OL38281W	/type/work	The Last Gentleman
7713595	OL14912721W	/type/work	Pegasus in Space
3365544	OL5693821W	/type/work	A Shadow on the Glass
1178527	OL8071006W	/type/work	Across the Wide Missouri
3404174	OL94858W	/type/work	Skinny Legs and All
4609837	OL2425817W	/type/work	Last of the Gaderene
3785815	OL12147W	/type/work	Adam and Eve and Pinch Me
4845238	OL1937791W	/type/work	The African Queen
740793	OL84113W	/type/work	Last Call
8551570	OL6082689W	/type/work	Have I Got Views For You
16723252	OL2991768W	/type/work	Bottled in Blonde
9597831	OL2465684W	/type/work	Halting State
11502295	OL13384W	/type/work	The Tin Men
14126310	OL40192W	/type/work	One Lonely Night
188341	OL151887W	/type/work	Goodnight Moon
379199	OL72846W	/type/work	Phase Space
8617171	OL1386685W	/type/work	Byrne: A Novel
1107288	OL50564W	/type/work	Song of Solomon
7424093	OL1057136W	/type/work	The Man-Eater of Malgudi
17907532	OL8944083W	/type/work	De Niro's Game
3321893	OL32377W	/type/work	The Restraint of Beasts
2024607	OL99540W	/type/work	The Story of the Amulet
1319279	OL1969570W	/type/work	Watch Your Mouth
564305	OL94506W	/type/work	Telempath
4022433	OL1879248W	/type/work	The City in History
4456093	OL15108237W	/type/work	Amber and Ashes
11223832	OL5683872W	/type/work	Dark Secret
9173476	OL79464W	/type/work	Big Deal:A Year as a Professional Poker Player
5420514	OL2045826W	/type/work	Beltempest
4168494	OL15215434W	/type/work	The Hired Man
8913663	OL5807651W	/type/work	Blood Lines
6391335	OL1902803W	/type/work	The Illearth War
149134	OL88876W	/type/work	Where Angels Fear to Tread
6549847	OL500179W	/type/work	Salvador
17057610	OL5819089W	/type/work	The Seven Professors of the Far North
202746	OL53592W	/type/work	Light in my Darkness
1240630	OL98478W	/type/work	Deadeye Dick
16131517	OL7998216W	/type/work	The Gorgon's Gaze
4500067	OL2172525W	/type/work	The Zap Gun
1869270	OL8400747W	/type/work	Mission of Gravity
8793889	OL1167750W	/type/work	The Sea and the Mirror
1090537	OL5734771W	/type/work	Gardens of the Moon
12956878	OL36203W	/type/work	Her Majesty's Wizard
15015546	OL81117W	/type/work	The Seven Songs of Merlin
4334472	OL2046772W	/type/work	American Quartet
4757828	OL1899500W	/type/work	Portrait of a Marriage
1310725	OL3357349W	/type/work	When Will Jesus Bring the Pork Chops?
198325	OL136320W	/type/work	777 and other Qabalistic writings
6929460	OL14952333W	/type/work	Nightrise
8497022	OL5720035W	/type/work	Eclipse
3408495	OL2981258W	/type/work	Blue Movie
14280660	OL640398W	/type/work	New Europe
1771910	OL883474W	/type/work	Tandia
6025288	OL85658W	/type/work	The Insult
7608156	OL49595W	/type/work	Treasure Box
14456880	OL23189W	/type/work	The Long Valley
5395164	OL3264756W	/type/work	Beyond the Down Low: Sex, Lies, and Denial in Black America
9877638	OL5732043W	/type/work	No Dominion
13864173	OL175567W	/type/work	Brotherhood of the Rose
2800065	OL1840467W	/type/work	Starswarm
9930443	OL7562583W	/type/work	Lone Wolf
5624552	OL5810950W	/type/work	Haunted
60215	OL879088W	/type/work	The Forsyte Saga
7142775	OL2625996W	/type/work	Decline and Fall of the American Programmer
2473187	OL2581168W	/type/work	The Star Scroll
14897195	OL1960652W	/type/work	Son of Man
1179491	OL74219W	/type/work	The Most Beautiful House in the World
660968	OL59861W	/type/work	The Wind's Twelve Quarters
1819095	OL47182W	/type/work	Berlin Diary
14109968	OL1898760W	/type/work	Forrest Gump
12529832	OL6032620W	/type/work	Relentless
6738103	OL2113800W	/type/work	Conan and the Spider God
3246609	OL501841W	/type/work	Dirt Music
16686626	OL554701W	/type/work	Flight of the Nighthawks
4883177	OL7919280W	/type/work	The Iron Hand of Mars
866396	OL842168W	/type/work	A Voice From the Attic
13020911	OL14849236W	/type/work	Through Gates of Splendor
1519638	OL103188W	/type/work	Death Is a Lonely Business
4923077	OL263284W	/type/work	Demon Seed
1179553	OL74224W	/type/work	One Good Turn
17321945	OL33800W	/type/work	Chances
15981073	OL5816999W	/type/work	Epicenter
1536637	OL1988294W	/type/work	The Summer Tree
1325781	OL28061W	/type/work	The Zoot Suit Murders
15117289	OL15010889W	/type/work	Saint Fire
3296673	OL8112164W	/type/work	No god but God
4083693	OL48946W	/type/work	Indigo
17846785	OL1866784W	/type/work	In Defense of Anarchism
12239574	OL8048244W	/type/work	Through Wolf's Eyes
1120915	OL28303W	/type/work	The Amateur Marriage
11786015	OL2167407W	/type/work	Skinner's Rules
5425488	OL3784346W	/type/work	Absolute Zero
5028836	OL4070877W	/type/work	Voyage of the Moonstone
17351050	OL112550W	/type/work	Storm Rising
14346605	OL2295122W	/type/work	Travels in Arabia Deserta
1254671	OL73343W	/type/work	Dinosaur Planet
3005777	OL16309W	/type/work	The History of Henry Esmond
8608985	OL3743768W	/type/work	The Wreck of the Zephyr
1517483	OL10218771W	/type/work	Ages in Chaos
9450762	OL5734672W	/type/work	The Battle of Evernight
14687010	OL29013W	/type/work	The Firework-Maker's Daughter
8175996	OL5713783W	/type/work	Forever in Blue: The Fourth Summer of the Sisterhood
11895889	OL1901893W	/type/work	Slinky Malinki
9270336	OL506110W	/type/work	The Dean's December
5027266	OL1063338W	/type/work	How to Stop Worrying and Start Living
10728443	OL4620977W	/type/work	Bill Bryson's African Diary
15094903	OL1675340W	/type/work	The Incredible Voyage
7093313	OL9896692W	/type/work	The Penguins of Doom
2631112	OL3567818W	/type/work	Wraith Squadron
1495784	OL549585W	/type/work	Adrian Mole and the Weapons of Mass Destruction
3608649	OL2686280W	/type/work	Jewel
11066254	OL5683883W	/type/work	Dark Challenge
13448600	OL816262W	/type/work	You'll Have Had Your Hole
896326	OL5724850W	/type/work	Revelation Space
5476182	OL2716176W	/type/work	Lost Souls
8903092	OL1739847W	/type/work	Freight Train
2952942	OL14954927W	/type/work	Metallica: This Monster Lives
6930721	OL2725607W	/type/work	That's Not What I Meant!
5962698	OL8575156W	/type/work	Red and Blue God, Black and Blue Church
3098469	OL18402W	/type/work	The Life and Adventures of Santa Claus
3874601	OL5808878W	/type/work	Broken Sky
1800897	OL549263W	/type/work	Jack Faust
749028	OL1057175W	/type/work	The English Teacher
16283700	OL1894081W	/type/work	Embracing Defeat: Japan in the Wake of World War II
5426648	OL8110801W	/type/work	Tempest
1954364	OL77705W	/type/work	Dirty White Boys
2929214	OL1946112W	/type/work	Cal
11998575	OL5754427W	/type/work	Swimming Without a Net
1251460	OL15450W	/type/work	Phantastes
11457191	OL15105193W	/type/work	Seeker
9633523	OL52943W	/type/work	Killing Floor
9511526	OL112819W	/type/work	Yonie Wondernose
2734302	OL4092675W	/type/work	Friday's Child
1781984	OL15014914W	/type/work	Islands in the Net
2393893	OL3180056W	/type/work	The Third Magic
5878272	OL78624W	/type/work	The Last Hawk
18211415	OL8730303W	/type/work	Confederate Military History
12323347	OL16844W	/type/work	Yellow Dog
3396079	OL99945W	/type/work	The Universal Baseball Association, Inc., J. Henry Waugh, Prop.
1571905	OL17369W	/type/work	The Deep Range
5064773	OL2071509W	/type/work	Star King
13827502	OL2619601W	/type/work	Paloma
1085604	OL56815W	/type/work	Stars in My Pocket Like Grains of Sand
7829625	OL15095128W	/type/work	Night of the Living Dummy
6914324	OL4050794W	/type/work	Maps for Lost Lovers
9514537	OL39516W	/type/work	Science Verse
2329359	OL82409W	/type/work	Weetzie Bat
5309578	OL7979102W	/type/work	The Crimson Tide
3142796	OL816272W	/type/work	Ecstasy: Three Tales of Chemical Romance
1627934	OL1855897W	/type/work	First Love, Last Rites
13428669	OL84535W	/type/work	A Secret Atlas
1086476	OL2010491W	/type/work	Stone of Tears
18025356	OL109593W	/type/work	The Powers That Be
1674879	OL1963323W	/type/work	Hyperion
4430250	OL8366321W	/type/work	The Journey to the Sacred Garden
15721880	OL1980253W	/type/work	After This
13320166	OL14923162W	/type/work	Mercury
6109775	OL1977555W	/type/work	Oh, the Things I Know!
3815564	OL1898829W	/type/work	Little Britches
16483818	OL8140090W	/type/work	Hero in the Shadows
11052942	OL5709561W	/type/work	Ghost Soldiers
16694742	OL80512W	/type/work	A Year in Provence
9784813	OL4297659W	/type/work	Iran: A People Interrupted
3452658	OL5850282W	/type/work	Be More Chill
12083411	OL15016008W	/type/work	Message of the Sphinx
6235278	OL2629636W	/type/work	Happy Days, 1880–1892
3698327	OL1904996W	/type/work	Lenin's Tomb: The Last Days of the Soviet Empire
12178607	OL5808813W	/type/work	The Cat On The Mat Is Flat
852896	OL871845W	/type/work	Understanding Media: The Extensions of Man
404891	OL3281435W	/type/work	The Case For Mars
5471458	OL14860190W	/type/work	Locked Rooms
4857989	OL15094998W	/type/work	Jekyll and Heidi
176956	OL45636W	/type/work	The History of Tom Jones, a Foundling
3042418	OL3010198W	/type/work	War Game
156213	OL2234946W	/type/work	The Nine Tailors
1869036	OL4112932W	/type/work	The Known World
4959546	OL675012W	/type/work	Barney's Version
9648490	OL52941W	/type/work	Running Blind
16250752	OL554748W	/type/work	Prince of the Blood
10135860	OL460057W	/type/work	Visitors from Oz
5203883	OL2697562W	/type/work	The Laughter of Carthage
3137061	OL3260491W	/type/work	Waterland
156215	OL2234807W	/type/work	Busman's Honeymoon
3116541	OL31140W	/type/work	High Society
5237219	OL60100W	/type/work	Deep Secret
17890491	OL2848581W	/type/work	The Magician Out of Manchuria
4562781	OL2581162W	/type/work	The Ruins of Ambrai
4238861	OL34817W	/type/work	Sleeping Dogs Don't Lay
3557497	OL1803499W	/type/work	Gospel: a novel
11200223	OL2252212W	/type/work	Little Brother
5104008	OL102543W	/type/work	Running from the Deity
5290405	OL5960236W	/type/work	The Dark Path
4154655	OL4318520W	/type/work	Up a Road Slowly
2200789	OL49552W	/type/work	Red Prophet
9514440	OL39513W	/type/work	Math Curse
71791	OL1249517W	/type/work	Memoirs of a Fox-Hunting Man
4168295	OL14868314W	/type/work	Some of Your Blood
6811168	OL5708845W	/type/work	Spirit Walker
1677260	OL14849912W	/type/work	Curses, Inc.
2427653	OL20936W	/type/work	Romola
1111576	OL464276W	/type/work	The Heart of Princess Osra
5407148	OL8110797W	/type/work	Shadowmind
6856166	OL480949W	/type/work	Crampton Hodnet
9576019	OL176311W	/type/work	Scandal Takes a Holiday
8807714	OL1167811W	/type/work	The Dyer's Hand
568228	OL4650344W	/type/work	Psychotic Reactions and Carburetor Dung
5774480	OL2568873W	/type/work	In the Night Kitchen
13762484	OL755466W	/type/work	A Big Boy did it and Ran Away
2096458	OL3495957W	/type/work	Without Feathers
10065416	OL2645138W	/type/work	The Door in the Lake
2267240	OL111675W	/type/work	The Hot Kid
16885000	OL9865724W	/type/work	A Growling Place
16142406	OL84112W	/type/work	The Drawing of the Dark
2725123	OL18403W	/type/work	Mother Goose in Prose
14292082	OL14913420W	/type/work	Reserved for the Cat
6811179	OL5708851W	/type/work	Wolf Brother
355688	OL5721566W	/type/work	The Loved One
10947714	OL5683850W	/type/work	Mind Game
2435094	OL2649144W	/type/work	Looking for Mr. Goodbar
466931	OL1701007W	/type/work	Learning Perl
13382889	OL1840021W	/type/work	The River at the Center of the World
4124568	OL151957W	/type/work	Sister of the Bride
3673876	OL1418216W	/type/work	Lost on Venus
6832477	OL71156W	/type/work	A Preface to Paradise Lost
1346864	OL4454849W	/type/work	The Hollow Hope
4915976	OL3933347W	/type/work	The Ruling Class
13992977	OL3745234W	/type/work	Among the Missing
2293881	OL4273470W	/type/work	How to Talk Dirty and Influence People
13902685	OL14892W	/type/work	Aristotle
13979009	OL3350854W	/type/work	The Bear Comes Home
7655894	OL2696043W	/type/work	A Girl Named Disaster
3429982	OL109416W	/type/work	The Blue Sword
374803	OL97696W	/type/work	Balance Point
4954388	OL5727110W	/type/work	The Vampire Prince
4908539	OL497169W	/type/work	The Mask
6772791	OL14934173W	/type/work	Elegy for a Lost Star
1682621	OL3557537W	/type/work	The Female Eunuch
13687105	OL5701135W	/type/work	Thirty-Three Teeth
13454672	OL56772W	/type/work	Light a Penny Candle
242130	OL71175W	/type/work	The Lion, the Witch and the Wardrobe
2191889	OL116319W	/type/work	Lord of the Nutcracker Men
7913432	OL36223W	/type/work	The Warlock in Spite of Himself
232933	OL49665W	/type/work	Lost Boys
10933127	OL2433573W	/type/work	Significant Others
8175385	OL1901905W	/type/work	Hairy Maclary From Donaldson’s Dairy
12927201	OL5709593W	/type/work	The Paranormal Puppet Show
18196457	OL449010W	/type/work	Red Storm Rising
4883195	OL7920992W	/type/work	The Silver Pigs
2260756	OL5887193W	/type/work	The Rising
5185172	OL4092691W	/type/work	The Toll-Gate
16946317	OL104423W	/type/work	Which Witch?
2594646	OL111696W	/type/work	Rum Punch
4956482	OL11018799W	/type/work	Lord Demon
8616774	OL1822226W	/type/work	The Castle in the Forest
1565710	OL106175W	/type/work	The Virginian
314680	OL3297149W	/type/work	The Mask of Dimitrios
8670135	OL15060171W	/type/work	Rash
9816569	OL5819463W	/type/work	I Am the Messenger
2363024	OL151974W	/type/work	Strider
3136049	OL5727108W	/type/work	Trials of Death
9575789	OL176293W	/type/work	The Accusers
12076495	OL5746629W	/type/work	Odd Girl Out
8599174	OL1998034W	/type/work	Ten Things I Wish I'd Known Before I Went Out into the Real World
16610141	OL4709875W	/type/work	The Songs of a Sentimental Bloke
8994199	OL1840331W	/type/work	The Height of the Scream
9560359	OL5690377W	/type/work	Homeward Bound
3105699	OL6945564W	/type/work	Lud-in-the-Mist
3255341	OL103394W	/type/work	The Damnation of Theron Ware
145627	OL14871083W	/type/work	Master and Commander
4923088	OL497083W	/type/work	Fear Nothing
947323	OL5966091W	/type/work	The Paper Chase
409913	OL2670538W	/type/work	Our Posthuman Future: Consequences of the Biotechnology Revolution
8314394	OL15335590W	/type/work	High Fidelity
7933107	OL7632823W	/type/work	Bird Neighbors
4856032	OL8337065W	/type/work	Death of a Whaler
7377130	OL507441W	/type/work	George and Rue
10618177	OL1920714W	/type/work	The Squire, His Knight, and His Lady
622069	OL453937W	/type/work	A Hat Full of Sky
4014080	OL19807W	/type/work	Boogers Are My Beat
9461165	OL6039948W	/type/work	Duty and Desire
5358767	OL2961287W	/type/work	Marnie
9666075	OL6082688W	/type/work	Friends, Voters, Countrymen
4516338	OL19337W	/type/work	Darkwing
1020773	OL1418251W	/type/work	Tarzan of the Apes
4164135	OL3412508W	/type/work	The Rush for Second Place
6784724	OL29276W	/type/work	First Test
14167350	OL134845W	/type/work	Music in the Night
15117295	OL82530W	/type/work	The Silver Metal Lover
14571402	OL2659138W	/type/work	Once Is Not Enough
11781642	OL468567W	/type/work	The Crack-Up
12725532	OL103167W	/type/work	One More for the Road
5409777	OL2045831W	/type/work	Eternity Weeps
4857825	OL15095136W	/type/work	A Night in Terror Tower
15481276	OL3475319W	/type/work	The Chemistry of Death
2631072	OL15219981W	/type/work	Wedge's Gamble
11142850	OL111668W	/type/work	Tishomingo Blues
10983835	OL497480W	/type/work	The Afghan Campaign
7395750	OL1967466W	/type/work	The Machiavellian Moment
10311192	OL5683880W	/type/work	Shadow Game
4802194	OL5693819W	/type/work	Geomancer
5292595	OL12145W	/type/work	Shake Hands Forever
4885935	OL708267W	/type/work	The Dragonslayer
3403142	OL4092646W	/type/work	Beauvallet
2496112	OL1822235W	/type/work	Oswald's Tale
245677	OL14856826W	/type/work	The Oath
4156227	OL14912669W	/type/work	First Warning
8211814	OL49655W	/type/work	Empire
983636	OL463581W	/type/work	Hoot
7729746	OL999054W	/type/work	Give A Boy A Gun
3107074	OL14851926W	/type/work	Black Projects, White Knights
3332015	OL100079W	/type/work	In the Forests of the Night
13421341	OL16840W	/type/work	Visiting Mrs Nabokov: And Other Excursions
15031083	OL3928922W	/type/work	Never Enough
4999535	OL2647297W	/type/work	Sarum: The Novel of England
3924846	OL1518044W	/type/work	The Big Foot
13569102	OL4849849W	/type/work	America's Secret Establishment
849932	OL448996W	/type/work	The Bear and the Dragon
10209325	OL548747W	/type/work	The Return of Merlin
15205222	OL2172463W	/type/work	Vintage PKD
3433251	OL14913458W	/type/work	Winds of Change
1384714	OL4447462W	/type/work	Vampire$
9129009	OL84913W	/type/work	The Sea Hunters: True Adventures With Famous Shipwrecks
42578	OL1161529W	/type/work	Mrs. Miniver
2487809	OL2553965W	/type/work	The Magical Mimics in Oz
1789915	OL1937768W	/type/work	The Commodore
16266979	OL1725595W	/type/work	Ashes to Ashes: America's Hundred-Year Cigarette War, the Public Health, and the Unabashed Triumph of Philip Morris
14767219	OL5838700W	/type/work	Gold Rush : How Mr. Prospector Became Racing's Billion-Dollar Sire
1145116	OL1966504W	/type/work	Climbing Mount Improbable
594181	OL5721562W	/type/work	Decline and Fall
10371811	OL84882W	/type/work	Sacred Stone
7956609	OL8366325W	/type/work	Spiritwalker: Messages from the Future
15407077	OL175796W	/type/work	Let Sleeping Dogs Lie
16829647	OL26903W	/type/work	Ultimate Punishment
730784	OL7017037W	/type/work	Green Darkness
18456249	OL66547W	/type/work	Persuasion
649202	OL842178W	/type/work	World of Wonders
45912	OL59710W	/type/work	Space Cadet
8767825	OL5727587W	/type/work	Black Order
13540356	OL1902743W	/type/work	Fatal Revenant
14410928	OL894459W	/type/work	Philip Hall Likes Me, I Reckon Maybe
6550203	OL500167W	/type/work	Political Fictions
6163435	OL14952023W	/type/work	Human Traces
11071741	OL1855940W	/type/work	On Chesil Beach
8759364	OL810402W	/type/work	The House on the Borderland and Other Novels
13508774	OL15134949W	/type/work	Burden of Desire
348697	OL474063W	/type/work	Fallen Dragon
15766723	OL5980252W	/type/work	Louis
8794432	OL5682760W	/type/work	Trapped
14409742	OL13698W	/type/work	Graven Images
1572600	OL15346006W	/type/work	Damnation Alley
7069071	OL504818W	/type/work	Eight Habits of the Heart: Embracing the Values that Build Strong Communities
498586	OL2628785W	/type/work	Shade's Children
15958476	OL6038242W	/type/work	How I Paid For College: A Novel of Sex, Theft, Friendship, and Musical Theater
11701961	OL5715702W	/type/work	Magic Lessons
2307516	OL4094158W	/type/work	Be Here Now
7489838	OL263807W	/type/work	All That Remains
1208779	OL1812932W	/type/work	Glamorama
4687720	OL2046796W	/type/work	Banquet Before Dawn
12144303	OL891949W	/type/work	Perfect Match
1627966	OL3743761W	/type/work	Zathura
10541995	OL2783369W	/type/work	Behind Enemy Lines
11102710	OL7978782W	/type/work	The Ghost Hunter
4481878	OL108773W	/type/work	The Tale of Jemima Puddle-Duck
8946719	OL1881760W	/type/work	The Other Side Of Me
8420870	OL2219325W	/type/work	Go
1992942	OL3591951W	/type/work	The Baby Squad
13252634	OL3691204W	/type/work	Yonnondio: From the Thirties
182433	OL679361W	/type/work	Stardust
2573355	OL2635379W	/type/work	The King of Ireland's Son
4923157	OL497158W	/type/work	By the Light of the Moon
16981101	OL13056W	/type/work	I Heard That Song Before
1755082	OL506111W	/type/work	Humboldt's Gift
2051467	OL155507W	/type/work	Soldier, Ask Not
6529242	OL861828W	/type/work	The First Part Last
9078549	OL5832216W	/type/work	The Great Pyramid Robbery
6854330	OL1707583W	/type/work	Wayfarer Redemption
1733342	OL5730426W	/type/work	King of the Khyber Rifles
6031740	OL108145W	/type/work	Infernal
8349160	OL6805307W	/type/work	Almost Lost: The True Story of an Anonymous Teenager's Life on the Streets
11665163	OL2732495W	/type/work	Children of God
1309565	OL23195W	/type/work	The Pastures of Heaven
14668281	OL474125W	/type/work	Topper
14416355	OL50752W	/type/work	The Tulip Touch
4277898	OL49656W	/type/work	Heartfire
4661661	OL2664897W	/type/work	The Matarese Countdown
5237808	OL12139W	/type/work	Piranha to Scurfy
5227875	OL2465673W	/type/work	The Family Trade
10988767	OL2736254W	/type/work	No Telephone to Heaven
8894241	OL51209W	/type/work	Prater Violet
156217	OL2234996W	/type/work	Hangman's Holiday
8630307	OL2712940W	/type/work	What a carve up!
10933103	OL2433576W	/type/work	Further Tales of the City
4974452	OL84910W	/type/work	Lost City
4823957	OL3469945W	/type/work	Betsy's Wedding
156218	OL2234937W	/type/work	In the Teeth of the Evidence
7479772	OL1925496W	/type/work	The Tesseract
14984381	OL5841570W	/type/work	The Prize in the Game
10933095	OL2433574W	/type/work	More Tales of the City
16499587	OL2934588W	/type/work	A Thousand Country Roads
10558395	OL1828807W	/type/work	Sisters of Isis
999996	OL46908W	/type/work	Airframe
4715685	OL109363W	/type/work	The Work and the Glory
4001502	OL30309W	/type/work	Justice as Fairness: A Restatement
8346681	OL5718733W	/type/work	The Thieves of Ostia
159063	OL5801798W	/type/work	Fast Food Nation: The Dark Side of the All-American Meal
13811160	OL451053W	/type/work	Italian Fever
7964228	OL2637593W	/type/work	Asleep
14910844	OL2124903W	/type/work	Political Man
13276245	OL385108W	/type/work	Under Kilimanjaro
9819194	OL5737443W	/type/work	The Song of Kahunsha
1105276	OL52269W	/type/work	Tono-Bungay
2440582	OL1345061W	/type/work	Shadows on the Hudson
1261005	OL2849822W	/type/work	Drawing Down the Moon: Witches, Druids, Goddess-Worshippers, and Other Pagans in America Today
1298639	OL14931666W	/type/work	The Other Side of the Sky
5276530	OL5732970W	/type/work	After the Hole
4908465	OL263300W	/type/work	Whispers
430840	OL65430W	/type/work	The Awakening
8092560	OL15042478W	/type/work	American Fairy Tales
12868077	OL4093301W	/type/work	Back Home
1852781	OL59044W	/type/work	A Pale View of Hills
11726992	OL1925468W	/type/work	The Pump House Gang
7009179	OL2182868W	/type/work	Fathom Five
5787727	OL13795W	/type/work	My Brother's Keeper
11056781	OL2431376W	/type/work	The Last Grain Race
8005555	OL4297273W	/type/work	Cain's Book
6301386	OL89823W	/type/work	Joey Pigza Swallowed the Key
2338934	OL14858407W	/type/work	Remake
10437386	OL5932616W	/type/work	Welcome to Our Hillbrow
16235225	OL477811W	/type/work	Midnight Robber
13421785	OL16843W	/type/work	Experience
10933147	OL2433571W	/type/work	Michael Tolliver Lives
14126505	OL40151W	/type/work	Black Alley
471753	OL3469991W	/type/work	FBI's Ten Most Wanted
4510088	OL1054105W	/type/work	The Calcutta Chromosome
1137907	OL1868689W	/type/work	A House-Boat on the Styx
4118550	OL15130481W	/type/work	Up In A Heaval
3116172	OL249414W	/type/work	John Inglesant
3617997	OL5734886W	/type/work	The Death of Kings
17365286	OL1843756W	/type/work	The Hundred Secret Senses
1869622	OL15074092W	/type/work	Archangel
16787248	OL448988W	/type/work	Submarine
3347935	OL19775W	/type/work	The Wedding
15602513	OL14949905W	/type/work	A Live Coal in the Sea
8695287	OL84808W	/type/work	The New Jerusalem
614064	OL17383W	/type/work	Songs of Distant Earth
7713329	OL73336W	/type/work	Pegasus in Flight
18115807	OL1853072W	/type/work	Mama Black Widow
1094307	OL39771W	/type/work	The Mystery at Lilac Inn
2573090	OL15219983W	/type/work	Star Wars: X-wing
8692843	OL5817000W	/type/work	The Last Jihad
7133000	OL134433W	/type/work	Kill the Messenger
5074911	OL5294007W	/type/work	Room at the Top
5804456	OL3298263W	/type/work	Fool on the Hill
3246368	OL1169133W	/type/work	The Alto Wore Tweed
100141	OL1978137W	/type/work	Level 7
2761668	OL1673261W	/type/work	Fools Die
7760735	OL5830252W	/type/work	Sloppy Firsts
2990439	OL3389030W	/type/work	The Great God Pan
2399516	OL863767W	/type/work	The Black Dwarf
10410629	OL549598W	/type/work	The Secret Diary of Adrian Mole
7890434	OL1841592W	/type/work	One of Us
4115024	OL4806365W	/type/work	The Incorruptibles
2279377	OL14913338W	/type/work	Arrow's Fall
15042461	OL14913369W	/type/work	The Gates of Sleep
12730907	OL9264931W	/type/work	Fair Game: My Life as a Spy, My Betrayal by the White House
6905008	OL3243697W	/type/work	Movie Love
2083865	OL41481W	/type/work	A Ring of Endless Light
247449	OL1971439W	/type/work	Testament of Youth
9648897	OL52949W	/type/work	Without Fail
2181451	OL1916926W	/type/work	31 Songs
4534918	OL2388470W	/type/work	Cider with Rosie
7827644	OL2250795W	/type/work	River of Blue Fire
16945852	OL909918W	/type/work	Mars Diaries
13322606	OL2234989W	/type/work	Mind of the Maker
2660782	OL1157382W	/type/work	Amazon Adventure
12391692	OL14850160W	/type/work	The Rock Jockeys
2270992	OL77825W	/type/work	Servant of the Bones
5922019	OL98288W	/type/work	Monster
327121	OL38495W	/type/work	Quicksilver
2684573	OL8459347W	/type/work	The Loveday Honour
14258407	OL459365W	/type/work	The Reign of the Brown Magician
3978942	OL1337065W	/type/work	Joy in the Morning
6531307	OL108301W	/type/work	Across the Sea of Suns
3459481	OL14923605W	/type/work	The Hound and the Falcon
16029050	OL1501971W	/type/work	Edgar Huntly
6797568	OL29283W	/type/work	Page
16436057	OL109840W	/type/work	The Macdermots of Ballycloran
1356323	OL28298W	/type/work	Back When We Were Grownups
810224	OL1963298W	/type/work	Summer of Night
3291669	OL112470W	/type/work	Or Give Me Death
3642720	OL5844638W	/type/work	Killing Yourself to Live: 85% of a True Story
6669861	OL3469644W	/type/work	The Saint
1327856	OL5724829W	/type/work	Century Rain
16252603	OL14852305W	/type/work	"""M"" Is for Malice"
5991877	OL1815422W	/type/work	The House on East 88th Street
12988766	OL5846700W	/type/work	The End of Mr. Y
5222355	OL14912001W	/type/work	The King and other Stories
14079426	OL5738270W	/type/work	The Every Boy
7157972	OL14913453W	/type/work	When Darkness Falls
12737756	OL468868W	/type/work	Fire Bringer
8626921	OL118252W	/type/work	Loot: And Other Stories
16888830	OL1926999W	/type/work	Sister of My Heart: A Novel
15405692	OL175812W	/type/work	Murder in the Middle Pasture
1990831	OL49645W	/type/work	Pastwatch: The Redemption of Christopher Columbus
3616478	OL1337111W	/type/work	The Heart of a Goof
605066	OL491868W	/type/work	Killing Pablo
6334159	OL5726837W	/type/work	Clay's Way: A Novel
1719074	OL53404W	/type/work	A Case of Conscience
14771661	OL35606W	/type/work	Dustbin Baby
13638920	OL3296697W	/type/work	Freaks: Alive on the Inside
9341289	OL5754430W	/type/work	Undead and Uneasy
4939355	OL2007308W	/type/work	The Law of Enclosures
5555178	OL4636301W	/type/work	Woodsmen of the West
5426739	OL2045841W	/type/work	The Sword of Forever
1265953	OL7209075W	/type/work	Rockbound
5223686	OL32752W	/type/work	Noisy Nora
2011832	OL650920W	/type/work	Guess What?
5506458	OL15095067W	/type/work	The Beast from the East
14584897	OL1124041W	/type/work	Belinda
5519710	OL15032864W	/type/work	Dave Barry's Book of Bad Songs
1229351	OL2568879W	/type/work	Where The Wild Things Are
15918227	OL15093965W	/type/work	Darkest Dawn
16932679	OL472824W	/type/work	The Unexpected Guest
2752484	OL5813981W	/type/work	City of Pearl
7173127	OL14852850W	/type/work	Eucalyptus
4623763	OL8110860W	/type/work	Zeta Major
570009	OL84765W	/type/work	Alex Rider
4111121	OL59045W	/type/work	An Artist of the Floating World
2706517	OL7923821W	/type/work	The Shepherd
9152999	OL3351167W	/type/work	One Fine Day
12695097	OL1737326W	/type/work	Shatterday
13137840	OL1924556W	/type/work	The Story of English
657153	OL2810429W	/type/work	Black Like Me
12126700	OL8834618W	/type/work	Bi Any Other Name: Bisexual People Speak Out
11829608	OL97301W	/type/work	Briar Rose
5915106	OL459346W	/type/work	Dragon Venom
5279170	OL12179W	/type/work	Master of the Moor
11800740	OL1905273W	/type/work	Eva Luna
8862395	OL14872531W	/type/work	The Queen of Attolia
3438128	OL4086571W	/type/work	Pendragon
7913541	OL36183W	/type/work	The Warlock Enraged
11743352	OL2363037W	/type/work	An Intimate Knowledge of the Night
3775689	OL69284W	/type/work	Aliens Stole My Body
1057051	OL2037091W	/type/work	The Guide to Getting it On
2620544	OL891817W	/type/work	No Longer at Ease
8073280	OL28299W	/type/work	Digging to America
205840	OL77834W	/type/work	The Claiming of Sleeping Beauty
6833891	OL5683580W	/type/work	Magic Kingdom For Sale -- SOLD!
9963075	OL461887W	/type/work	The Harlequin
3733081	OL19810W	/type/work	Big Trouble
9382206	OL14870349W	/type/work	Break No Bones
876043	OL13703568W	/type/work	Hayduke Lives
9585677	OL49669W	/type/work	Sarah
1505560	OL5682761W	/type/work	Commitment Hour
14024425	OL874067W	/type/work	Nightwing
3740022	OL106075W	/type/work	A Gun for Sale
10240199	OL263811W	/type/work	The Last Precinct
13766654	OL1890271W	/type/work	Stories in an Almost Classical Mode
4097132	OL5737847W	/type/work	Oh the Glory of it All
5958929	OL41482W	/type/work	An Acceptable Time
269891	OL816268W	/type/work	Porno
3773878	OL1840015W	/type/work	The Meaning of Everything: The Story of the Oxford English Dictionary
5816622	OL2385437W	/type/work	Journey
13062471	OL2163636W	/type/work	Douglas Adams's Guide to The Hitchhiker's Guide to the Galaxy
16379507	OL50623W	/type/work	The Farthest-Away Mountain
1232750	OL530273W	/type/work	American Government
4258722	OL5947688W	/type/work	Union Forever
593138	OL1737320W	/type/work	I Have No Mouth, and I Must Scream
9954727	OL15159741W	/type/work	Daisy Fay and the Miracle Man
9047514	OL4037584W	/type/work	Game Wars
5409077	OL5836769W	/type/work	Warchild
3575351	OL2929624W	/type/work	Down the River
17899166	OL1742087W	/type/work	The Last Fine Time
5240668	OL5760070W	/type/work	The Last Night of the Yankee Dynasty
1013837	OL453799W	/type/work	Monstrous Regiment
9420578	OL6073957W	/type/work	Garden of the Purple Dragon
5196403	OL102592W	/type/work	The Howling Stones
4220482	OL452792W	/type/work	Northern Farm
8189947	OL18397W	/type/work	Sky Island
7760047	OL77950W	/type/work	The Deerslayer
15103550	OL1811733W	/type/work	Mondo Macabro
1239266	OL4984475W	/type/work	House of Bush, House of Saud
15049655	OL19777W	/type/work	Five Days In Paris
12952304	OL14850220W	/type/work	Soldier's Heart
9069308	OL8977651W	/type/work	Amen Corner
2450001	OL15219880W	/type/work	The Bacta War
5353546	OL461901W	/type/work	Micah
9357661	OL5754423W	/type/work	The Royal Treatment
11668127	OL278020W	/type/work	Swordbird
411954	OL14847880W	/type/work	Trinity
3402723	OL4092688W	/type/work	Bath Tangle
8600456	OL501837W	/type/work	Shallows
18529384	OL4112117W	/type/work	Basic Chess Endings
9123472	OL86188W	/type/work	The Catalogue of the Universe
3587762	OL38630W	/type/work	Almayer's Folly
4348565	OL927165W	/type/work	A Season With Verona
7603944	OL2896090W	/type/work	Who's Afraid of Beowulf?
9195219	OL26984W	/type/work	The Scold's Bridle
15780326	OL7968162W	/type/work	Hedwig and the Angry Inch
3616920	OL83527W	/type/work	Mandela: The Authorised Biography
17434043	OL15810W	/type/work	Return to Mars
5566839	OL5735358W	/type/work	Gregor and the Marks of Secret
2685954	OL1815498W	/type/work	Shadow Patriots
4168415	OL15215439W	/type/work	A Place in England
5145469	OL53604W	/type/work	The Story of My Life
5321463	OL1807136W	/type/work	As the Crow Flies
8408660	OL2589480W	/type/work	The Secrets of Droon
7093853	OL2659135W	/type/work	The Love Machine
3287848	OL500177W	/type/work	Play It As It Lays
2368625	OL106078W	/type/work	The Human Factor
5718462	OL29255W	/type/work	The Realms of the Gods
5476214	OL2716158W	/type/work	Exquisite Corpse
925819	OL2916816W	/type/work	Small World: An Academic Romance
4720118	OL258549W	/type/work	One Two Three and Away
1531357	OL506106W	/type/work	Ravelstein
11971645	OL15025702W	/type/work	Bruce Coville's Shapeshifters
3055324	OL5727029W	/type/work	PS, I Love You
5139876	OL5693820W	/type/work	The Last Albatross
4174672	OL5727102W	/type/work	The Lake of Souls
3287555	OL16847W	/type/work	Money
271158	OL468543W	/type/work	The Love of the Last Tycoon
7476815	OL5814574W	/type/work	Millicent Min Girl Genius
8913345	OL73432W	/type/work	Test of the Twins
1577881	OL2628788W	/type/work	The Seventh Tower
2023763	OL5696561W	/type/work	Warcraft: Lord of the Clans
6478896	OL23276W	/type/work	Sharpe's Devil
4043114	OL23191W	/type/work	The Short Reign of Pippin IV
11062169	OL114723W	/type/work	By The Great Horn Spoon!
16092313	OL3918809W	/type/work	Monster: The Autobiography of an L.A. Gang Member
9879361	OL2971046W	/type/work	Sector 7
9725694	OL84423W	/type/work	Midnight at the Well of Souls
7976867	OL2637597W	/type/work	Amrita
2053878	OL5683606W	/type/work	The Voyage of the Jerle Shannara
16860065	OL79338W	/type/work	Tell No One
435931	OL27485W	/type/work	The Lost Road and Other Writings
7193894	OL2685691W	/type/work	Checkpoint: A Novel
11695150	OL8859100W	/type/work	Anything but Straight: Unmasking the Scandals and Lies Behind the Ex-Gay Myth
76033	OL468431W	/type/work	The Great Gatsby
7313844	OL4320211W	/type/work	Ultraviolet
6869197	OL114302W	/type/work	Koko
17111877	OL5727018W	/type/work	Mrs. Whippy
1997993	OL45875W	/type/work	Going Solo
9562044	OL6082690W	/type/work	Lend Me Your Ears
8904819	OL14857913W	/type/work	Pilgrim at Tinker Creek
15586316	OL5734166W	/type/work	Sovereign
7446606	OL547371W	/type/work	A Bad Case of Stripes
1612950	OL5810969W	/type/work	Bitten
2915021	OL2637596W	/type/work	Lizard
8914014	OL5807667W	/type/work	Mortal danger
15556648	OL7002495W	/type/work	People of the Book
9962333	OL8166220W	/type/work	Nightlife
14389105	OL59488W	/type/work	The Cry of the Owl
667242	OL23198W	/type/work	In Dubious Battle
4288442	OL4024664W	/type/work	Trial of Champions
2730873	OL2182800W	/type/work	The Machine Gunners
4922906	OL82926W	/type/work	Pylon
7051390	OL1326351W	/type/work	The Black Prince
2075804	OL60138W	/type/work	Cart and Cwidder
8714886	OL4092661W	/type/work	The Spanish Bride
8729647	OL4092685W	/type/work	Royal Escape
217769	OL26437W	/type/work	The Prime of Miss Jean Brodie
1033043	OL77839W	/type/work	Blood Canticle
1599266	OL4661332W	/type/work	Labyrinth of Evil
13571511	OL3745244W	/type/work	The Woods Are Dark
12230198	OL5735143W	/type/work	(Not That You Asked) Rants, Exploits and Obsessions
1366836	OL102899W	/type/work	Familiar Spirits: A Memoir of James Merrill and David Jackson
3456121	OL4902748W	/type/work	Linda Condon
17667350	OL5887191W	/type/work	Dead Sea
7608013	OL14850190W	/type/work	Nightjohn
18412029	OL8936041W	/type/work	Candy Girl: A Year in the Life of an Unlikely Stripper
4857951	OL15094184W	/type/work	Ghost in the Mirror
848496	OL106083W	/type/work	Brighton Rock
12330937	OL5703695W	/type/work	The Book of Dead Days
546183	OL6036022W	/type/work	The Art of Unix Programming
9872540	OL2217774W	/type/work	Environmental Principles and Policies
15565943	OL2514034W	/type/work	Gents
7184483	OL1386744W	/type/work	Tremor of Intent: An Eschatological Spy Novel
3471116	OL1337128W	/type/work	Psmith in the City
16614225	OL5827141W	/type/work	Catcall
13191979	OL3373608W	/type/work	Vietnam Inc.
102662	OL81664W	/type/work	The Memory of Whiteness
15135832	OL1970208W	/type/work	Master Georgie
15117272	OL15010837W	/type/work	Darkness, I
18372651	OL1873361W	/type/work	The White Earth
11022086	OL2965134W	/type/work	The Curious Incident of the WMD in Iraq
12205505	OL5703712W	/type/work	My Swordhand Is Singing
17106013	OL175864W	/type/work	Lock and Key
365419	OL2670211W	/type/work	The Perfect Storm
14134963	OL4635442W	/type/work	Chocolate Fever
5747248	OL742394W	/type/work	Highlander: The Captive Soul
1396710	OL72853W	/type/work	Timelike Infinity
7446439	OL14871664W	/type/work	The Mephisto Club
14906588	OL2974359W	/type/work	The Portable Atheist: Essential Readings for the Non-Believer
7665087	OL73438W	/type/work	War of the Twins
17714392	OL61369W	/type/work	Busting Vegas
196771	OL1341025W	/type/work	The Browning Version
149679	OL457177W	/type/work	Shame
2933212	OL24164W	/type/work	The Master of Ballantrae
7720196	OL479052W	/type/work	Tracks
11008784	OL163188W	/type/work	The Definitive Biography of P.D.Q. Bach
410932	OL1326386W	/type/work	The Sea, the Sea
6912966	OL3243685W	/type/work	Afterglow: A Last Conversation With Pauline Kael
230018	OL109872W	/type/work	The Duke's Children
4019771	OL1854163W	/type/work	Here Be Dragons
427704	OL4286640W	/type/work	Geek Love
235551	OL449015W	/type/work	Tom Clancy's Net Force
2706522	OL14860720W	/type/work	No Comebacks
5073808	OL2071505W	/type/work	The Face
9585286	OL5710998W	/type/work	Nod's Limbs
14637849	OL2697650W	/type/work	Mother London
9740710	OL84433W	/type/work	Exiles at the Well of Souls
336499	OL2908766W	/type/work	The Lords of Discipline
967481	OL15376922W	/type/work	Lankhmar
3204179	OL98483W	/type/work	Palm Sunday
5103688	OL14952936W	/type/work	Flinx's Folly
4887106	OL4307803W	/type/work	Andersonville
14994351	OL15129807W	/type/work	Imaginative Sex
7957235	OL8366326W	/type/work	Visionseeker: Shared Wisdom from the Place of Refuge
5426695	OL5709566W	/type/work	The Medusa Effect
3376479	OL276395W	/type/work	Washington Square
5587833	OL8816487W	/type/work	Sarah's Legacy
1536042	OL137976W	/type/work	Star Trek: Stargazer
4149673	OL104151W	/type/work	The Naked Ape
1452806	OL496472W	/type/work	I, etcetera
73217	OL5960830W	/type/work	A Vicious Circle
3023020	OL1518582W	/type/work	I Capture the Castle
5413079	OL9043997W	/type/work	My Name is Rachel Corrie
13345541	OL486654W	/type/work	Land of the Living
2675192	OL115353W	/type/work	The Praxis
8351111	OL505940W	/type/work	The Painted Veil
9562825	OL88103W	/type/work	The Digging Leviathan
14874855	OL2450017W	/type/work	The adventures of Jonathan Gullible
2560765	OL1881774W	/type/work	A Stranger in the Mirror
2528766	OL1386735W	/type/work	Shakespeare
2977219	OL84922W	/type/work	Iceberg
5453139	OL263030W	/type/work	Glide Path
4697278	OL1839871W	/type/work	Petey
9968653	OL2282735W	/type/work	The Reformation: A History
1449139	OL27556W	/type/work	Wicca Craft
5381773	OL24144W	/type/work	Weir of Hermiston
2089545	OL1805249W	/type/work	Prometheus Rising
9615084	OL6035875W	/type/work	Frozen
11280646	OL14866180W	/type/work	Bread Givers
2082335	OL5846615W	/type/work	Twelve
1706690	OL105716W	/type/work	Dictee
6300421	OL38266W	/type/work	The Message in the Bottle
1602072	OL1855945W	/type/work	Saturday
13656768	OL1927003W	/type/work	The Conch Bearer
1253691	OL2629637W	/type/work	In Defense of Women
14490459	OL69327W	/type/work	The Monsters of Morley Manor
23892201	OL1837566W	/type/work	Getting to YES
5252322	OL14921121W	/type/work	Forbidden
7391041	OL6032740W	/type/work	Wolfskin
5927549	OL29271W	/type/work	Sandry's Book
992298	OL485504W	/type/work	Riders of the Purple Sage
11951775	OL2167397W	/type/work	Skinner's Round
614306	OL98469W	/type/work	Slapstick
597618	OL2466637W	/type/work	Lanark
12847697	OL1853508W	/type/work	Scruples
8756059	OL2895469W	/type/work	Green Tea and Other Ghost Stories
1462756	OL2929632W	/type/work	Desert Solitaire
7021977	OL469283W	/type/work	Chrysanthemum
2066195	OL30068W	/type/work	Little Men
5196524	OL102566W	/type/work	Drowning World
8894194	OL1902799W	/type/work	The Real Story
3626817	OL1337109W	/type/work	Uneasy Money
8590983	OL501832W	/type/work	Blueback
6026379	OL14957319W	/type/work	Conspiracies
449780	OL7999418W	/type/work	Agnes Grey
15879932	OL4439903W	/type/work	Davy
1629488	OL2465580W	/type/work	The Age of Reform
864368	OL77002W	/type/work	The Chamber
907276	OL117555W	/type/work	The Puzzle Palace
1685887	OL3900040W	/type/work	It's Happy Bunny
12491533	OL448984W	/type/work	Airborne
4477201	OL112557W	/type/work	Brightly Burning
5375672	OL483841W	/type/work	Fleshmarket Close
14163311	OL549171W	/type/work	A Good House
2074665	OL1853507W	/type/work	Princess Daisy
6724075	OL708279W	/type/work	Treasure Hunters
2688466	OL3455332W	/type/work	The Best Awful There Is
4338232	OL461932W	/type/work	The Laughing Corpse
3762499	OL12164W	/type/work	End in Tears
4939886	OL1926998W	/type/work	Mistress of Spices
1421105	OL1916920W	/type/work	The Polysyllabic Spree
4273923	OL468564W	/type/work	The Pat Hobby Stories
3340663	OL1337061W	/type/work	Cocktail Time
4910776	OL497157W	/type/work	Strangers
7055404	OL1920272W	/type/work	The Child Garden
5182384	OL2435382W	/type/work	Verdigris
5181905	OL4092678W	/type/work	Cotillion
2110905	OL69336W	/type/work	Aliens Ate My Homework
5822377	OL3474171W	/type/work	Shadows of the Mind
12393224	OL14850138W	/type/work	Captive!
15849237	OL1840344W	/type/work	Scared Stiff: Tales of Sex and Death
10053519	OL2634637W	/type/work	Requiem for the Conqueror
755109	OL1963305W	/type/work	Ilium
3306513	OL157717W	/type/work	Flight of Eagles
12128164	OL5746626W	/type/work	Beebo Brinker
12681114	OL2632394W	/type/work	The Journeyer
7600596	OL1169617W	/type/work	The Creators
1033435	OL1337048W	/type/work	Much Obliged, Jeeves
36218	OL17413W	/type/work	2010: Odyssey Two
6782938	OL878090W	/type/work	48 Shades of Brown
16374951	OL5734718W	/type/work	Little Brother
3114677	OL13780W	/type/work	Higher Education
8635001	OL116265W	/type/work	Wayside School is Falling Down
5467550	OL3332543W	/type/work	The Hidden Side of the Moon
4885892	OL708230W	/type/work	Eyes of the Storm
3266099	OL5736973W	/type/work	The Realm of Possibility
2678768	OL8459351W	/type/work	The Loveday Trials
10846066	OL2233653W	/type/work	The Statement
13293104	OL15392W	/type/work	The Lost Princess
9649063	OL52953W	/type/work	One Shot
15438211	OL2709166W	/type/work	The Last Voyage of Columbus
1298672	OL46884W	/type/work	Timeline
853877	OL103108W	/type/work	A Bend in the River
7363579	OL754930W	/type/work	Manchester Slingback
9239580	OL1140287W	/type/work	A House Divided
4797577	OL2973565W	/type/work	Catherine, Called Birdy
4840183	OL729140W	/type/work	Youngblood Hawke
1265440	OL2939203W	/type/work	Prime Obsession
5263528	OL102589W	/type/work	Glory Lane
7377287	OL503840W	/type/work	Whale Music
18177858	OL59081W	/type/work	Something Else
9195820	OL26980W	/type/work	The Shape of Snakes
7554875	OL106139W	/type/work	Danny and the Dinosaur
6357789	OL84915W	/type/work	Shock Wave
3111640	OL15273825W	/type/work	Rogue Planet
5315458	OL8383985W	/type/work	Wolfsbane
5506270	OL15095055W	/type/work	Werewolf Skin
3434199	OL1888054W	/type/work	The Hacker Crackdown
18185435	OL24167W	/type/work	Treasure Island
2316577	OL152000W	/type/work	The Mouse and the Motorcycle
8148141	OL3152103W	/type/work	Fourth Mansions
17227422	OL491234W	/type/work	Deep Lie
14261720	OL447388W	/type/work	Conventions of War
3628127	OL5711008W	/type/work	Rare Beasts
838965	OL1899591W	/type/work	Notable American Women
6093314	OL5730340W	/type/work	The 25th Hour
1117371	OL45882W	/type/work	The Giraffe and the Pelly and Me
16455001	OL73426W	/type/work	Dragons of a Vanished Moon
13191582	OL463579W	/type/work	Native Tongue
8881759	OL2895538W	/type/work	In a Glass Darkly
12058547	OL2167386W	/type/work	Skinner's Ordeal
10601418	OL8842065W	/type/work	Writing FAST
8152991	OL15197747W	/type/work	Wren to the Rescue
4145433	OL2715196W	/type/work	Self-Made Man: One Woman's Year Disguised as a Man
5278111	OL464931W	/type/work	The Cat Ate My Gymsuit
17973022	OL9482749W	/type/work	The Eyes of a King
2657330	OL14925381W	/type/work	Psychomech
4459298	OL2046798W	/type/work	Cult
7260593	OL1900596W	/type/work	Issola
12108249	OL5746628W	/type/work	Journey to a Woman
4382461	OL5857547W	/type/work	Oh No It Isn't!
10072460	OL2581167W	/type/work	The Golden Key
14793188	OL2321834W	/type/work	Self-Help
992507	OL73375W	/type/work	Dragondrums
2813854	OL3412515W	/type/work	J R
17351255	OL33784W	/type/work	Lady Boss
4106807	OL50557W	/type/work	Tar Baby
5750856	OL3906362W	/type/work	The Last of the Wine
2900572	OL1386647W	/type/work	Eichmann in Jerusalem
5566051	OL56885W	/type/work	Diplomatic Immunity
4866874	OL108762W	/type/work	The Tale of Little Pig Robinson
3608681	OL12340W	/type/work	Back Roads
12932456	OL462821W	/type/work	Ug
4272994	OL35616W	/type/work	Kindred
5185461	OL4092682W	/type/work	April Lady
10714267	OL166492W	/type/work	The Affirmation
1989044	OL56907W	/type/work	Cetaganda
5641294	OL14854966W	/type/work	The Magician
15158245	OL2172494W	/type/work	The Golden Man
3384491	OL73302W	/type/work	Acorna
10094894	OL2177809W	/type/work	Under the Hawthorn Tree
854441	OL39027W	/type/work	A Personal Record
17702456	OL64211W	/type/work	The Beardless Warriors
2018081	OL2693095W	/type/work	Barrel Fever
16020246	OL60876W	/type/work	Iceworld
1841204	OL5537696W	/type/work	The Family from One End Street
4760716	OL2172473W	/type/work	The Game-Players of Titan
9560276	OL5690251W	/type/work	Crater Lake
6733076	OL85885W	/type/work	Under the Sunset
2011865	OL116262W	/type/work	The Boy Who Lost His Face
2786303	OL1924374W	/type/work	Star Risk, Ltd.
1482077	OL1817445W	/type/work	We're Back! A Dinosaur's Story
5487527	OL7017038W	/type/work	The Winthrop Woman
5768908	OL151986W	/type/work	Ramona and Her Mother
7435669	OL42496W	/type/work	Eloise in Moscow
2138603	OL60148W	/type/work	Fire and Hemlock
2867874	OL4024640W	/type/work	The Forest of Doom
4653750	OL29617W	/type/work	Dream Boy
4562319	OL28608W	/type/work	The Negro
4943503	OL28630W	/type/work	The Wood Wife
2024640	OL55342W	/type/work	Heroes
18410606	OL2751493W	/type/work	The Cry
5163505	OL15075503W	/type/work	Grantville Gazette III
2376615	OL55258W	/type/work	Greater Than Angels
6844005	OL14921120W	/type/work	For All Time
4762064	OL15094946W	/type/work	Creature Teacher
4879531	OL1000702W	/type/work	The Last Vampire
3841009	OL104152W	/type/work	The Human Zoo
18089226	OL3917429W	/type/work	Windfall
604206	OL527464W	/type/work	Think and Grow Rich
2382448	OL109881W	/type/work	Doctor Thorne
166663	OL1974714W	/type/work	The Beak of the Finch: A Story of Evolution in Our Time
14492855	OL15010883W	/type/work	Queen of the Wolves
2477863	OL463558W	/type/work	Strip Tease
28044791	OL2707227W	/type/work	Mad Ship
7520540	OL3468192W	/type/work	Stop-Time
1601002	OL37907W	/type/work	The Story of Tracy Beaker
9173868	OL79455W	/type/work	Bigger Deal
1889342	OL80846W	/type/work	Yon Ill Wind
13227071	OL14864650W	/type/work	Pontoon: A Novel of Lake Wobegon
4439345	OL2071507W	/type/work	Big Planet
5934648	OL474495W	/type/work	The Gospel According to Larry
12590297	OL2950489W	/type/work	Sophie Pitt-Turnbull Discovers America
1087753	OL41494W	/type/work	A Wind in the Door
967270	OL2250824W	/type/work	The Dragonbone Chair
5435380	OL3340136W	/type/work	The Tarnished Eye : A Novel of Suspense
521188	OL5734712W	/type/work	Down and Out in the Magic Kingdom
989056	OL44988W	/type/work	Desperate Remedies
15054373	OL2402307W	/type/work	Girl Underground
4570952	OL14921160W	/type/work	The Terrorist
14002622	OL8460343W	/type/work	Honey and Dust
3727530	OL16848W	/type/work	Night Train
15528398	OL1848048W	/type/work	The Far Side Gallery 4
3498308	OL5847495W	/type/work	Ship of Fools
9807293	OL6039949W	/type/work	These Three Remain
561697	OL549273W	/type/work	The Iron Dragon's Daughter
17469150	OL5887184W	/type/work	Ghoul
4577328	OL8110803W	/type/work	The Ultimate Treasure
2499043	OL1987171W	/type/work	The Sea Came In At Midnight
4762263	OL15095023W	/type/work	Phantom of the Auditorium
1774042	OL1807139W	/type/work	The Prodigal Daughter
5265610	OL3743766W	/type/work	The Garden of Abdul Gasazi
5395471	OL2007301W	/type/work	Drift House: The First Voyage
16235431	OL477812W	/type/work	Mojo: Conjure Stories
6576476	OL9808163W	/type/work	Seventeen Tomatoes
217444	OL1652428W	/type/work	Eminent Victorians
12930487	OL14850157W	/type/work	Murphy's Trail
9285639	OL93397W	/type/work	The Talk Of The Town
9091059	OL5832214W	/type/work	The Cleopatra Curse
3888194	OL2004311W	/type/work	Flowers for the Judge
313191	OL2732497W	/type/work	The Sparrow
1483723	OL2010485W	/type/work	Chainfire
9349411	OL42457W	/type/work	Ratking
1562318	OL2547244W	/type/work	The Autobiography of Miss Jane Pittman
156206	OL2234813W	/type/work	Clouds of Witness
3285752	OL23298W	/type/work	Sharpe's Havoc
4164489	OL39358W	/type/work	On Being Ill
5928939	OL12714W	/type/work	Flesh and Blood
1027491	OL109599W	/type/work	The Best and the Brightest
3215597	OL1902796W	/type/work	Lord Foul's Bane
13886716	OL2213434W	/type/work	The Unicorn Girl
8715119	OL4092660W	/type/work	The Reluctant Widow
17366502	OL15298516W	/type/work	Through the Looking Glass
8044417	OL41493W	/type/work	The Young Unicorns
13962205	OL14944572W	/type/work	Los autonautas de la cosmopista
17085697	OL12394W	/type/work	Goddess of Yesterday
1064385	OL612495W	/type/work	On The Black Hill
305160	OL449002W	/type/work	Rainbow Six
156207	OL2234912W	/type/work	Unnatural Death
1708112	OL1807128W	/type/work	Sons of Fortune
4406412	OL112564W	/type/work	Take a Thief
5194138	OL1954526W	/type/work	Voices of Hope
5426854	OL4634932W	/type/work	The Mary-Sue Extrusion
1126709	OL2748131W	/type/work	The Commanding Heights: The Battle for the World Economy
1521126	OL48546W	/type/work	Racso and the Rats of NIMH
2629149	OL46903W	/type/work	A Case of Need
2228087	OL453930W	/type/work	Where's My Cow?
13885580	OL480703W	/type/work	Zoli
1656468	OL1057147W	/type/work	Under the Banyan Tree and Other Stories
4560846	OL14913459W	/type/work	Winds of Fate
4092149	OL1337067W	/type/work	Service With a Smile
17762811	OL77070W	/type/work	The Snow Empress
3413129	OL2385450W	/type/work	Chesapeake
4118544	OL15130389W	/type/work	The Dastard
15849575	OL1840341W	/type/work	Cold Print
1122051	OL1974546W	/type/work	Into the Wild
8160485	OL9037387W	/type/work	Boy A
4778951	OL1743255W	/type/work	The Stone Carvers
17774124	OL14851931W	/type/work	The Empress of Mars
5357537	OL483756W	/type/work	Knots and Crosses
13529505	OL5683889W	/type/work	Dark Melody
3261210	OL73382W	/type/work	Dragonquest
8356975	OL5845489W	/type/work	There Goes My Everything
78005	OL11374780W	/type/work	Belgarath the Sorcerer
3111831	OL14858883W	/type/work	Tea from an Empty Cup
16808384	OL8400299W	/type/work	Skinny
15117291	OL15010820W	/type/work	A Bed of Earth
9314504	OL3296483W	/type/work	The Omnivore's Dilemma: A Natural History of Four Meals
4885884	OL708240W	/type/work	The Great Cow Race
1184662	OL1925472W	/type/work	I Am Charlotte Simmons
7125736	OL176310W	/type/work	A Body in the Bath House
7604643	OL155395W	/type/work	Dorsai!
14292387	OL1090436W	/type/work	Canada and the Canadian Question
11920229	OL2632386W	/type/work	Aztec Autumn
2730451	OL14927371W	/type/work	The Coffin Dancer
7538895	OL2000554W	/type/work	Bad Blood
10312547	OL462007W	/type/work	Peter Pan
676751	OL1843755W	/type/work	The Bonesetter's Daughter
2682432	OL1881764W	/type/work	Morning, Noon and Night
4744421	OL2809279W	/type/work	The Infinity Doctors
584760	OL1100467W	/type/work	The History of the Standard Oil Company
1282996	OL14852275W	/type/work	"""A"" is for Alibi"
233098	OL109233W	/type/work	Anna of the Five Towns
7533582	OL15074071W	/type/work	Angel-Seeker
7222744	OL45293W	/type/work	A General History of the Pyrates
14761476	OL28990W	/type/work	The Scarecrow and his Servant
4734250	OL3463327W	/type/work	Speed Tribes
17413520	OL8817555W	/type/work	Adeline's Dream
17578638	OL3372766W	/type/work	The Big War
1905914	OL1812928W	/type/work	The Informers
8714792	OL4092602W	/type/work	The Talisman Ring
4639587	OL1863587W	/type/work	The Green Man
16817471	OL26901W	/type/work	Ordinary Heroes
4547385	OL486655W	/type/work	Losing You
6733303	OL8842982W	/type/work	Double Wonderful
6103625	OL3501626W	/type/work	Winkie
7269300	OL2981257W	/type/work	The Magic Christian
17085241	OL14927220W	/type/work	Flower Net
838706	OL77011W	/type/work	The King of Torts
17036633	OL14927215W	/type/work	On Gold Mountain
1041055	OL1925466W	/type/work	A Man in Full
3921266	OL1337089W	/type/work	Money For Nothing
9472586	OL7976654W	/type/work	Before I Say Goodbye
5191717	OL1954523W	/type/work	Challenger's Hope
2121844	OL4292228W	/type/work	Rascal
2364379	OL14851918W	/type/work	The Life of the World to Come
12093436	OL14913405W	/type/work	One Good Knight
17035484	OL549596W	/type/work	Rebuilding Coventry
2770501	OL99943W	/type/work	Gerald's Party
16551467	OL6216048W	/type/work	The Merchant and the Alchemist's Gate
2262273	OL94505W	/type/work	Mindkiller
14732215	OL1911681W	/type/work	The Everglades: River of Grass
3766150	OL48018W	/type/work	Four to Score
5850099	OL8126340W	/type/work	Virus
951987	OL894247W	/type/work	Over Sea, Under Stone
200080	OL2966821W	/type/work	Neanderthals, Bandits and Farmers
7455725	OL14870346W	/type/work	Monday Mourning
509787	OL679347W	/type/work	Death: The Time of Your Life
9027716	OL93060W	/type/work	For Kings And Planets
6267885	OL15095118W	/type/work	How I Got My Shrunken Head
603115	OL5439940W	/type/work	Beyond the Rocks
3799661	OL14860204W	/type/work	A Grave Talent
10311041	OL5814570W	/type/work	Stanford Wong Flunks Big-Time
16795515	OL1969168W	/type/work	The Snake Stone
7913278	OL36217W	/type/work	Escape Velocity
16649707	OL26427W	/type/work	Loitering with Intent
9153268	OL2971052W	/type/work	Tuesday
4597149	OL1890269W	/type/work	The World is the Home of Love and Death
651789	OL1841328W	/type/work	A Calculus of Angels
14258191	OL459379W	/type/work	The Worlds of Shadow
6471563	OL2113809W	/type/work	Rivers of Time
919076	OL63069W	/type/work	To Have and Have Not
17286884	OL6728941W	/type/work	Against Civilization: Readings and Reflections
5891546	OL3156460W	/type/work	The Temple and the Lodge
12185816	OL5738591W	/type/work	Princess Academy
7693730	OL5885580W	/type/work	In Golden Blood
15942941	OL2944477W	/type/work	Demon Box
2660846	OL9446178W	/type/work	Diving Adventure
7535836	OL2896072W	/type/work	Snow White and the Seven Samurai
13190338	OL1812250W	/type/work	Wandering Stars
11220762	OL5683831W	/type/work	Dark Demon
5624402	OL5810966W	/type/work	Dime Store Magic
4290832	OL2004230W	/type/work	Look to the Lady
5413634	OL77015W	/type/work	The Innocent Man: Murder and Injustice in a Small Town
5389028	OL92969W	/type/work	Knocked Out by My Nunga-Nungas
7904935	OL84777W	/type/work	The Killing Joke
2660843	OL1157361W	/type/work	Gorilla Adventure
769446	OL73385W	/type/work	Dragonsong
11816255	OL2748767W	/type/work	Hons and Rebels
3989442	OL1337095W	/type/work	The Mating Season
4893931	OL708258W	/type/work	Stupid, Stupid Rat Tails
853827	OL510018W	/type/work	Parade's End
1049941	OL2929631W	/type/work	Black Sun
4908377	OL497183W	/type/work	The Vision
1167017	OL731713W	/type/work	The Early Ayn Rand
9434060	OL14933313W	/type/work	Beowulf and the Critics
7142802	OL17655W	/type/work	Brotherhood of War
203718	OL842175W	/type/work	The Rebel Angels
11578204	OL14921246W	/type/work	Blood Test
321198	OL15075591W	/type/work	Take Back Your Government
895506	OL46917W	/type/work	Sphere
1212752	OL4613460W	/type/work	Objectivism: The Philosophy of Ayn Rand
4297148	OL3280815W	/type/work	A History of God
5695657	OL155490W	/type/work	Tactics of Mistake
698996	OL18557W	/type/work	The Man Who Listens to Horses
9827940	OL5690391W	/type/work	Moon Fate
10164963	OL891951W	/type/work	Keeping Faith
6830322	OL480958W	/type/work	Less than Angels
2327779	OL5683566W	/type/work	Antrax
11987073	OL114049W	/type/work	Calling The Swan
4905682	OL4070864W	/type/work	The Captives of Kaag
12171663	OL5813798W	/type/work	Cagebird
3232513	OL463570W	/type/work	Flush
16987265	OL4129265W	/type/work	The Fairy-tale Detectives
4366509	OL2669147W	/type/work	Mythago Wood
8741506	OL1167838W	/type/work	Journey to a War
5921201	OL5808871W	/type/work	Braided Path
10663585	OL729139W	/type/work	The Hope
4811627	OL4070880W	/type/work	The Legacy of Vashna
8406198	OL176312W	/type/work	See Delphi and Die
528882	OL67028W	/type/work	What Liberal Media?
5963476	OL509199W	/type/work	Catalyst
1028226	OL462755W	/type/work	Fungus the Bogeyman
4910915	OL497197W	/type/work	Mr. Murder
224541	OL3737038W	/type/work	Beyond the Limits
18500691	OL8698213W	/type/work	Isle of Swords
4885951	OL708272W	/type/work	Ghost Circles
5192353	OL2172499W	/type/work	Vulcan's Hammer
475821	OL49503W	/type/work	First Meetings
2273100	OL77816W	/type/work	Vittorio the Vampire
10433158	OL15094845W	/type/work	The Ultimate Challenge: Into the Jaws of Doom
8715021	OL4092555W	/type/work	Faro's Daughter
4558107	OL14913461W	/type/work	Winds of Fury
6423638	OL26417W	/type/work	Aiding and Abetting
10363432	OL115941W	/type/work	Snow Angels
573712	OL4451912W	/type/work	Bridge of Birds
1677036	OL14849915W	/type/work	Heir Apparent
608748	OL46913W	/type/work	Congo
5237385	OL12110W	/type/work	The Thief
5611604	OL14952958W	/type/work	The Mocking Program
15321438	OL14557W	/type/work	Waiting: A Novel
2844248	OL3743764W	/type/work	The Z Was Zapped
16252208	OL14852277W	/type/work	"""J"" Is for Judgment"
10300274	OL2795217W	/type/work	The Crow
15311113	OL1162722W	/type/work	The Magicians
1874050	OL73787W	/type/work	Coming of Age in Samoa
2009699	OL816267W	/type/work	Filth
1147274	OL6032896W	/type/work	Politics
621020	OL14871082W	/type/work	The Mauritius Command
4923352	OL263282W	/type/work	Brother Odd
5925896	OL14871661W	/type/work	The Sinner
851263	OL506118W	/type/work	Herzog
2640800	OL15219975W	/type/work	The Krytos Trap
567481	OL5735250W	/type/work	Like a Velvet Glove Cast in Iron
4608904	OL8110848W	/type/work	The Witch Hunters
1384036	OL1847052W	/type/work	The Worldly Philosophers
11802192	OL470697W	/type/work	Orphan at My Door
10033057	OL5843232W	/type/work	Then We Came to the End
14782140	OL5849237W	/type/work	Sepulchre
5409030	OL8110834W	/type/work	Head Games
17571756	OL2727948W	/type/work	Heat
13147295	OL2180691W	/type/work	The Bear Went Over the Mountain
10044024	OL5734645W	/type/work	The Ghost Brigades
10018517	OL3470327W	/type/work	Adam's Task
1880338	OL26500W	/type/work	The Autobiography of Benjamin Franklin
9495773	OL3357346W	/type/work	Three Times Carlin: An Orgy of George
6683299	OL118280W	/type/work	The Conservationist
9225763	OL2004314W	/type/work	The Tiger in the Smoke
7426266	OL5713784W	/type/work	The Anomalies
2269748	OL463572W	/type/work	Kick Ass
14672374	OL7284430W	/type/work	The Midnight Bell
1882515	OL468570W	/type/work	The Short Stories of F. Scott Fitzgerald
4212295	OL35623W	/type/work	Parable of the Sower
113470	OL88879W	/type/work	A Room with a View
3533019	OL5826968W	/type/work	The West's Last Chance: Will We Win the Clash of Civilizations?
17438796	OL32366W	/type/work	Once in a Blue Moon
13232532	OL891940W	/type/work	Salem Falls
3183248	OL1889641W	/type/work	The Girl
5759887	OL729147W	/type/work	The Caine Mutiny
7501814	OL1990390W	/type/work	The Wild Irish Girl
1076615	OL3474173W	/type/work	The Road to Reality: A Complete Guide to the Laws of the Universe
8485067	OL53178W	/type/work	The Secret of Shambhala: In Search of the Eleventh Insight
5357383	OL15055206W	/type/work	Twilight's Child
2679072	OL729144W	/type/work	Marjorie Morningstar
8441720	OL41469W	/type/work	A Severed Wasp
5901045	OL2010419W	/type/work	Cool Hand Luke
8320806	OL5808876W	/type/work	The Haunting of Alaizabel Cray
7693831	OL5885579W	/type/work	From Black Rooms
5245125	OL12191W	/type/work	The Keys to the Street
5865969	OL1705222W	/type/work	The Gang That Couldn't Shoot Straight
1813566	OL162798W	/type/work	Sugar Blues
7696410	OL14951684W	/type/work	Wigfield
8084758	OL3050091W	/type/work	Captive State
3191268	OL4540250W	/type/work	The Emperor Wears No Clothes
12184304	OL5738585W	/type/work	Enna Burning
12802272	OL5837521W	/type/work	The Dogs of Babel
8961597	OL1972840W	/type/work	Elizabeth and Her German Garden
180147	OL83767W	/type/work	A Philosophical Investigation
9350507	OL42465W	/type/work	Medusa
3413436	OL13096162W	/type/work	The Sketch Book of Geoffrey Crayon
5693466	OL529899W	/type/work	Highlander: Scotland the Brave
616330	OL108454W	/type/work	Captain Blood: His Odyssey
2683082	OL14858401W	/type/work	Passage
13162703	OL3261151W	/type/work	Lord John and the Private Matter
5737713	OL461922W	/type/work	Danse Macabre
8715969	OL1863847W	/type/work	The moon riders
5121642	OL2581153W	/type/work	Skybowl
7331057	OL1707564W	/type/work	Crusader
1325558	OL14925779W	/type/work	The Golden Apples of the Sun
10739113	OL5789978W	/type/work	The story of a modern woman
9856041	OL2535336W	/type/work	The Trick is to Keep Breathing
1270905	OL1975718W	/type/work	Marooned in Realtime
3004703	OL2917271W	/type/work	"Natural Cures ""They"" Don't Want You To Know About"
11423191	OL5850286W	/type/work	It's Kind of a Funny Story
7822956	OL549599W	/type/work	The Queen and I
4762191	OL15095132W	/type/work	The Werewolf of Fever Swamp
4234464	OL19486W	/type/work	My Life
5025572	OL506056W	/type/work	More Die of Heartbreak
4305000	OL497193W	/type/work	Hideaway
10953909	OL8848097W	/type/work	Dying While Black
11401666	OL8166219W	/type/work	Moonshine
1168829	OL15075501W	/type/work	The Grantville Gazette
7810140	OL729143W	/type/work	The Caine Mutiny Court Martial
1514789	OL1937789W	/type/work	Mr. Midshipman Hornblower
7361323	OL5805797W	/type/work	Clade
3687972	OL448964W	/type/work	Shadow Warriors
14984064	OL5841573W	/type/work	The King's Peace
1023241	OL497247W	/type/work	Six Wives of Henry VIII
18171799	OL3173997W	/type/work	The Geography Club
16838742	OL485624W	/type/work	Last of the Duanes
2003681	OL863803W	/type/work	Guy Mannering
12268746	OL1904179W	/type/work	Kingdom of Shadows
9522554	OL2755533W	/type/work	Thinking in C++: vol. 2,  Practical Programming
17878993	OL5707251W	/type/work	Just in Case
15893414	OL2716180W	/type/work	Liquor
4904437	OL23268W	/type/work	Sharpe's Fury
2741847	OL4086569W	/type/work	The Never War
4354062	OL7924328W	/type/work	The Child in Time
1444797	OL166775W	/type/work	Peter Simple
5194091	OL5737132W	/type/work	Deadly Web
4456060	OL43690W	/type/work	Marius the Epicurean
1721895	OL56809W	/type/work	"""Aye, and Gomorrah..."""
17471400	OL5705592W	/type/work	Biscuit Bear
811589	OL39316W	/type/work	The Waves
7577237	OL4528779W	/type/work	With Every Mistake
18318387	OL98354W	/type/work	Bella at Midnight
5247749	OL102541W	/type/work	Phylogenesis
11224195	OL5683893W	/type/work	Dark Celebration
6258041	OL15094974W	/type/work	Ghost Camp
15832789	OL5714122W	/type/work	The True Meaning of Smekday
10830651	OL263779W	/type/work	Blow Fly
2163846	OL1980573W	/type/work	The Culture of Disbelief
1571119	OL1326372W	/type/work	The Book and the Brotherhood
7878019	OL8053251W	/type/work	Bloodletting and Miraculous Cures
10167399	OL29015W	/type/work	The Broken Bridge
1142991	OL4489648W	/type/work	Knight Templar
3109733	OL13074W	/type/work	A Stranger Is Watching
4648452	OL1914084W	/type/work	The Man from St. Petersburg
2809598	OL5727117W	/type/work	Demon Thief
2845808	OL2172517W	/type/work	The Simulacra
658535	OL98489W	/type/work	Jailbird
14503825	OL97868W	/type/work	Body of Lies: A Novel
15288980	OL478597W	/type/work	This Vast Land
212444	OL1340645W	/type/work	Tell England
5414246	OL7975703W	/type/work	Escape Velocity
3088980	OL4287686W	/type/work	The Man
3056014	OL5727121W	/type/work	Tunnels of Blood
4857932	OL15095120W	/type/work	It Came from Beneath the Sink!
6870390	OL11930W	/type/work	A Suitable Boy
538880	OL78397W	/type/work	The Man Who Folded Himself
4214586	OL5368076W	/type/work	Hermsprong
16914899	OL17672W	/type/work	Beaches
9698747	OL2697547W	/type/work	Byzantium Endures
5185679	OL84464W	/type/work	Dreadnought
2750413	OL743200W	/type/work	Hannibal's Children
12768920	OL15197737W	/type/work	Crown Duel
2928273	OL1807120W	/type/work	The Fourth Estate
4482189	OL108772W	/type/work	The Tale of Tom Kitten
1449198	OL63068W	/type/work	In Our Time
3766159	OL48024W	/type/work	High Five
2691357	OL8142266W	/type/work	The Ship's Cat
13758399	OL2009788W	/type/work	Tightrope
1799037	OL496476W	/type/work	On Photography
5292494	OL12150W	/type/work	The Fallen Curtain
1920495	OL60133W	/type/work	Drowned Ammet
4857839	OL15094949W	/type/work	The Cuckoo Clock Of Doom
9000	OL1136073W	/type/work	Death of a Hero
1625676	OL49650W	/type/work	The Ships of Earth
5108039	OL5728255W	/type/work	9tail Fox
2661883	OL4103857W	/type/work	The Westing Game
9032925	OL17186W	/type/work	Mother of Demons
14677325	OL4740845W	/type/work	The Standard Code of Parliamentary Procedure
4461311	OL19801W	/type/work	Claw Your Way to the Top: How to Become the Head of a Major Corporation in Roughly a Week
2046417	OL45881W	/type/work	The Enormous Crocodile
17448792	OL2247557W	/type/work	Genius Squad
8749510	OL15095061W	/type/work	The Abominable Snowman Of Pasadena
9931538	OL1388024W	/type/work	Mistress Masham's Repose
9850492	OL6039741W	/type/work	The Book Of All Flesh
1551893	OL1977554W	/type/work	Rush Limbaugh is a Big Fat Idiot and Other Observations
4784564	OL109409W	/type/work	Rose Daughter
16838343	OL48077W	/type/work	Visions of Sugar Plums
6403964	OL77702W	/type/work	Time to Hunt
11574603	OL5731076W	/type/work	The Generals
5322210	OL3260505W	/type/work	Last Orders
11977017	OL19711W	/type/work	Mirror Image
6111753	OL492658W	/type/work	The Lightning Thief
21861	OL38494W	/type/work	Cryptonomicon
16090309	OL53403W	/type/work	The Seedling Stars
3417912	OL15343801W	/type/work	Spock Must Die!
7238390	OL3996131W	/type/work	Stormrider
269878	OL13962W	/type/work	Blood of Amber
5596086	OL5844911W	/type/work	Beasts of No Nation
4510384	OL8899841W	/type/work	The Taqwacores
659049	OL14871064W	/type/work	The Commodore
5409661	OL8110882W	/type/work	GodEngine
6441686	OL2465574W	/type/work	The Paranoid Style in American Politics
7439984	OL15060162W	/type/work	Sweetblood
21862	OL38477W	/type/work	In the Beginning...was the Command Line
11439195	OL4318526W	/type/work	The Lottery Rose
15116480	OL82497W	/type/work	Gold Unicorn
1420760	OL549272W	/type/work	Vacuum Flowers
365537	OL18396W	/type/work	The Marvelous Land of Oz
3349248	OL80871W	/type/work	Chthon
295478	OL2431268W	/type/work	The First Stone
7258533	OL1900604W	/type/work	Orca
6669763	OL90747W	/type/work	The Skystone
2586439	OL1925455W	/type/work	Hooking Up
5713763	OL29286W	/type/work	Alanna: The First Adventure
14270845	OL4304249W	/type/work	Nude Men
2649360	OL2021950W	/type/work	Men of Iron
14126374	OL40186W	/type/work	The Snake
5056284	OL5743346W	/type/work	Power-Up: How Japanese Video Games Gave the World an Extra Life
2084907	OL863806W	/type/work	The Heart of Midlothian
14541505	OL17378W	/type/work	The Nine Billion Names of God
5205831	OL2395111W	/type/work	My Cousin, My Gastroenterologist
2737067	OL26473W	/type/work	The Quiet Game
11943372	OL1921239W	/type/work	Tune In Tomorrow
9341091	OL5754444W	/type/work	Undead and Unemployed
10901695	OL2656058W	/type/work	Love Story
1722118	OL135558W	/type/work	The Simpsons Uncensored Family Album
17428738	OL14937690W	/type/work	Love That Dog
173621	OL4082699W	/type/work	The Corrections
957529	OL1966509W	/type/work	The Ancestor's Tale
3480452	OL1337100W	/type/work	The Head of Kay's
3661366	OL510357W	/type/work	Building Harlequin's Moon
17182119	OL4474163W	/type/work	Minerva Clark Gets a Clue
13055963	OL15032836W	/type/work	Dave Barry in Cyberspace
6899966	OL5729921W	/type/work	Maximum City
8585732	OL501834W	/type/work	An Open Swimmer
8610544	OL14913424W	/type/work	The Serpent's Shadow
2596784	OL335547W	/type/work	Heat and Dust
10725417	OL1450500W	/type/work	Fame is the Spur
9801107	OL3538188W	/type/work	Laughing Boy
9196305	OL26983W	/type/work	The Devil's Feather
6834029	OL5683608W	/type/work	Angel Fire East
1149427	OL99539W	/type/work	The Phoenix and the Carpet
9343751	OL8108989W	/type/work	The Girl Next Door
3044782	OL1977558W	/type/work	The Truth
1218687	OL45872W	/type/work	The Wonderful Story of Henry Sugar and Six More
9349898	OL42460W	/type/work	Blood Rain
14953150	OL278019W	/type/work	Sword Quest
16253409	OL14852304W	/type/work	"""Q"" is for Quarry"
896394	OL11985W	/type/work	Peyton Place
9970613	OL8348651W	/type/work	Master of the Five Magics
17927963	OL114303W	/type/work	Shadowland
12972437	OL14850214W	/type/work	The Cookcamp
1775704	OL15000287W	/type/work	The Buccaneers
69485	OL18940W	/type/work	Choke
8902096	OL716742W	/type/work	Palestine Peace Not Apartheid
8359841	OL2751497W	/type/work	The Governess, or The Little Female Academy
172026	OL842036W	/type/work	Monday's Warriors
16703737	OL3454117W	/type/work	The Sand Dwellers
3981359	OL2664895W	/type/work	The Tristan Betrayal
1426168	OL59853W	/type/work	The Word for World is Forest
61172	OL4801007W	/type/work	Imitation of Life
7501701	OL15108421W	/type/work	The Soulforge
2877391	OL1939099W	/type/work	While America Sleeps: Self-Delusion, Military Weakness, and the Threat to Peace Today
1209921	OL2290421W	/type/work	Foxe's Book of Martyrs
3605167	OL1665126W	/type/work	The Man of Feeling
9492359	OL2671535W	/type/work	The Kingmaking
9199877	OL5825376W	/type/work	Everyone Worth Knowing
13892965	OL2678266W	/type/work	The Internet Galaxy
5909311	OL1890340W	/type/work	Spunk
6900811	OL51572W	/type/work	Blood Done Sign My Name
5103776	OL102544W	/type/work	Sliding Scales
1419826	OL1937784W	/type/work	The Good Shepherd
17971412	OL114289W	/type/work	Mrs. God
4860400	OL2581165W	/type/work	Stronghold
60269	OL20172W	/type/work	Kim
5842121	OL5844648W	/type/work	Gods of Aberdeen
2357280	OL464306W	/type/work	The Mount
2354886	OL14851932W	/type/work	Mendoza in Hollywood
9350572	OL42441W	/type/work	Back to Bologna
8121982	OL3928956W	/type/work	Swastika Night
5411408	OL1672235W	/type/work	Seven Jersey Murders
1905676	OL16854W	/type/work	London Fields
2106749	OL13798W	/type/work	Summertide
9990494	OL2071382W	/type/work	Emphyrio
8146407	OL16846W	/type/work	The Information
10378603	OL8473075W	/type/work	Bond Girls Are Forever
5768774	OL151989W	/type/work	Ramona and Her Father
15109428	OL3500254W	/type/work	The Bears on Hemlock Mountain
8719597	OL874062W	/type/work	December 6
6135059	OL8697818W	/type/work	Rejuvenile: Kickball, Cartoons, Cupcakes, and the Reinvention of the American Grown-up
9020079	OL1051312W	/type/work	Sacred Games
12747618	OL1945873W	/type/work	Puffball
5777045	OL5887181W	/type/work	The Conqueror Worms
9857303	OL1697244W	/type/work	Proud Helios
5195211	OL136310W	/type/work	The Equinox of the Gods
9160151	OL1417955W	/type/work	Jungle Tales of Tarzan
3819052	OL1337130W	/type/work	The Adventures of Sally
782132	OL4465489W	/type/work	The Fantasticks
1055983	OL1974545W	/type/work	Under the Banner of Heaven: A Story of Violent Faith
18496711	OL1418147W	/type/work	Beyond Thirty
12996739	OL79323W	/type/work	Deal Breaker
9729176	OL2010434W	/type/work	Confessor
1733101	OL15332376W	/type/work	The Complete Short Stories of Ernest Hemingway: The Finca Vigía Edition
3413460	OL50561W	/type/work	Paradise
4334715	OL1843312W	/type/work	Operation Thunder Child
4118557	OL15130387W	/type/work	Currant Events
10224874	OL5800762W	/type/work	Game Design Workshop
5317770	OL39383W	/type/work	The True Story of the Three Little Pigs
4908507	OL497154W	/type/work	The Funhouse
5069816	OL2672133W	/type/work	Bringing Out the Best in People
11559336	OL79285W	/type/work	Happy Endings Are All Alike
5191039	OL641423W	/type/work	Dear Bruce Springsteen
8345578	OL679359W	/type/work	Fragile Things
3984433	OL1977560W	/type/work	From the Files of the Time Rangers
8733182	OL1921527W	/type/work	The Entropy Effect
4910784	OL497198W	/type/work	Watchers
6421964	OL2425826W	/type/work	The Vesuvius Club
16250593	OL14852161W	/type/work	"""D"" Is for Deadbeat"
1882542	OL2250823W	/type/work	The War of the Flowers
11648871	OL5846407W	/type/work	The Mirador
1998419	OL77848W	/type/work	Merrick
12184056	OL5738589W	/type/work	The Goose Girl
10093480	OL59854W	/type/work	The Eye of the Heron
437978	OL2231846W	/type/work	Zone diet
9755591	OL892145W	/type/work	They Marched into Sunlight
11980855	OL15095115W	/type/work	Go Eat Worms!
3554820	OL8781185W	/type/work	After the Mardi Gras
394715	OL2039272W	/type/work	The World is Round
2803688	OL2664381W	/type/work	Little Boy Blue
6530708	OL14871720W	/type/work	Sporting Chance
10006426	OL151872W	/type/work	The Little Island
30706	OL71157W	/type/work	The Great Divorce
2040203	OL15336690W	/type/work	Old Mortality
16693805	OL2905638W	/type/work	Beyond Fear
17257938	OL491231W	/type/work	The Run
18312595	OL53542W	/type/work	The Remorseful Day
7490054	OL263803W	/type/work	Unnatural Exposure
7857212	OL41256W	/type/work	The Collectors
1414732	OL5734776W	/type/work	House of Chains
3878853	OL4713338W	/type/work	It's Now Or Never!
6510045	OL500178W	/type/work	Run, River
7520032	OL4475504W	/type/work	Combatting Cult Mind Control
12634206	OL3414832W	/type/work	Ballet Shoes
4792276	OL5724846W	/type/work	Zima Blue and Other Stories
1043027	OL23184W	/type/work	A Russian Journal
3574282	OL1952157W	/type/work	I Know This Much Is True
4117720	OL14871721W	/type/work	The Deed of Paksenarrion
249745	OL5294004W	/type/work	The Jealous God
1545903	OL1974547W	/type/work	Eiger Dreams: Ventures Among Men and Mountains
5279374	OL12160W	/type/work	The Lake of Darkness
14890782	OL15215467W	/type/work	On Giants' Shoulders
5172337	OL5822311W	/type/work	King Dork
766897	OL463573W	/type/work	Skinny Dip
4474624	OL108771W	/type/work	The Tale of Mrs. Tiggy-Winkle
8833017	OL497173W	/type/work	Shattered
718424	OL2970043W	/type/work	This Boy's Life: A Memoir
3033453	OL9005452W	/type/work	Arthur Mervyn
5537342	OL8048084W	/type/work	Stalking the Unicorn
2689401	OL1815495W	/type/work	Mary's Land
1559907	OL3481889W	/type/work	The Hype about Hydrogen
7806283	OL15447W	/type/work	Sir Gibbie
14423375	OL1843750W	/type/work	Saving Fish from Drowning
16251903	OL14852167W	/type/work	"""E"" Is for Evidence"
8997864	OL5682765W	/type/work	Vigilant
4784676	OL109412W	/type/work	Spindle's End
12461073	OL118244W	/type/work	Beethoven Was One-Sixteenth Black
3741853	OL4195870W	/type/work	The Years of Lyndon Johnson
15629907	OL134449W	/type/work	Ashes to Ashes
4608748	OL2045832W	/type/work	Eye of Heaven
13265898	OL30065W	/type/work	Under the Lilacs
2619246	OL8820912W	/type/work	Diana: Warrior Princess
2598879	OL82884W	/type/work	A Rose for Emily
5057326	OL136313W	/type/work	The Law is for All
1500640	OL5268174W	/type/work	Coquette
5799415	OL548196W	/type/work	Among the Brave
4857886	OL15094394W	/type/work	How to Kill a Monster
13330546	OL2422261W	/type/work	The Ragamuffin Gospel
4996811	OL14912990W	/type/work	Mountains Beyond Mountains
976322	OL55351W	/type/work	The Chocolate War
12295858	OL8911559W	/type/work	Text:UR - The New Book of Masks
13822352	OL472900W	/type/work	Murder at the Vicarage
10626070	OL176090W	/type/work	No Name
1019550	OL134587W	/type/work	Comanche Moon
1179457	OL74223W	/type/work	Home: A History of An Idea
3662011	OL109415W	/type/work	The Door in the Hedge
11668029	OL504031W	/type/work	The Last English King
10224140	OL1860042W	/type/work	The Women's Room
5270108	OL3784461W	/type/work	Ordinary Jack
761447	OL1914076W	/type/work	Jackdaws
11174733	OL3070401W	/type/work	Building a Better Business
17625939	OL2700560W	/type/work	Incredible Adventures
839263	OL510022W	/type/work	The Good Soldier
4357034	OL4084794W	/type/work	The Man Who Fell In Love With The Moon
2095060	OL1057149W	/type/work	The Vendor of Sweets
2683999	OL1337122W	/type/work	The Gold Bat
13621970	OL9263498W	/type/work	Ana's Story
4905102	OL4070870W	/type/work	The Masters of Darkness
5259052	OL14850612W	/type/work	A Briefer History of Time
3425068	OL77840W	/type/work	The Feast of All Saints
1192052	OL14860626W	/type/work	The Fist of God
2973377	OL15023W	/type/work	Daniel Martin
659020	OL14871055W	/type/work	The Hundred Days
2382389	OL6017417W	/type/work	For Fucks Sake
5796911	OL59979W	/type/work	Sailing Alone Around the World
5029791	OL5693823W	/type/work	The Way Between the Worlds
6266783	OL810399W	/type/work	"The Boats of the ""Glen Carrig"""
4931891	OL136329W	/type/work	Magick Without Tears
4232567	OL81883W	/type/work	The Long Loneliness
1261783	OL2250828W	/type/work	Stone of Farewell
5106948	OL84892W	/type/work	Atlantis Found
10630384	OL1739846W	/type/work	Truck
5029786	OL5693802W	/type/work	Dark is the Moon
7911644	OL1921530W	/type/work	The Memory Keeper's Daughter
1734668	OL49674W	/type/work	Songmaster
658985	OL14871071W	/type/work	Blue at the Mizzen
3383250	OL1852476W	/type/work	Reefer Madness
2379539	OL14954179W	/type/work	The Return
3766297	OL48060W	/type/work	To the Nines
6623411	OL1817421W	/type/work	Dead Girls
3502918	OL77853W	/type/work	Violin
12478251	OL13380W	/type/work	A Landing on the Sun
4907591	OL5731090W	/type/work	Under the Eagle
10332190	OL4633588W	/type/work	Cue for Treason
14126296	OL40200W	/type/work	Vengeance Is Mine!
712214	OL3741565W	/type/work	The Cuckoo's Egg
404518	OL3281427W	/type/work	First Landing
2311622	OL92573W	/type/work	Sweet Women Lie
8608526	OL274735W	/type/work	The Lost: A Search for Six of Six Million
663082	OL5753189W	/type/work	Sleeper
1845227	OL1449032W	/type/work	The Story of Doctor Dolittle
13687473	OL5701136W	/type/work	The Coroner's Lunch
3132221	OL59703W	/type/work	Expanded Universe
5264015	OL3904255W	/type/work	Created By
12215084	OL9245075W	/type/work	Before I Wake
4038449	OL2696046W	/type/work	The Ear, the Eye and the Arm
1117350	OL45876W	/type/work	The Magic Finger
432036	OL3297225W	/type/work	Passage of Arms
3613379	OL5850273W	/type/work	The King in the Window
17160931	OL14927219W	/type/work	Dragon Bones
6053542	OL1868110W	/type/work	Stone Butch Blues
1045298	OL13954W	/type/work	Manna from Heaven
3139599	OL14860709W	/type/work	The Deceiver
1267520	OL5036951W	/type/work	The Greek Myths
9524456	OL2056816W	/type/work	Little Lit
5297517	OL465359W	/type/work	Summer of the Monkeys
2160292	OL580897W	/type/work	The Way to Happiness
7162589	OL14860348W	/type/work	A Woman of Substance
17451636	OL111667W	/type/work	Pagan Babies
736673	OL842152W	/type/work	Leaven of Malice
8958954	OL5718717W	/type/work	The Secrets of Vesuvius
5292777	OL12096W	/type/work	Murder Being Once Done
4112539	OL112473W	/type/work	The Fifth of March
16253575	OL15001760W	/type/work	Twilight at the Well of Souls
4415388	OL15095143W	/type/work	Say Cheese And Die!
13497916	OL5696571W	/type/work	Luck in the Shadows
3924960	OL5821705W	/type/work	The Revenge of the Shadow King
14798605	OL2296627W	/type/work	The Last Jew
15341453	OL5731580W	/type/work	Wolfblade
3193171	OL16508W	/type/work	Darwin's Radio
5065619	OL461919W	/type/work	Burnt Offerings
17584253	OL112461W	/type/work	The Redheaded Princess
897482	OL2717538W	/type/work	Monster: Living Off the Big Screen
8635177	OL116263W	/type/work	Wayside School Gets A Little Stranger
7888655	OL5827054W	/type/work	Jawbreaker: The attack on bin Laden and al-Qaeda
4477165	OL88860W	/type/work	The Eternal Moment
9264011	OL111348W	/type/work	The Public and its Problems
15875654	OL2647293W	/type/work	The Forest
13769832	OL5808816W	/type/work	Just Disgusting
3789887	OL2950954W	/type/work	Cosmos
6950558	OL8846110W	/type/work	Comfort Food
6369513	OL1816273W	/type/work	Zorachus
373711	OL97694W	/type/work	The Truce at Bakura
4765245	OL548198W	/type/work	Among the Impostors
12063081	OL14924205W	/type/work	The Far Shore of Time
723085	OL18932W	/type/work	Stranger Than Fiction: True Stories
8154308	OL3363134W	/type/work	The Romanian: Story of an Obsession
2803150	OL52260W	/type/work	The First Men in the Moon
249894	OL1864160W	/type/work	Who Moved My Cheese? An Amazing Way to Deal with Change in Your Work and in Your Life
9576380	OL51204W	/type/work	The World in the Evening
18391283	OL3655646W	/type/work	Tirra Lirra By the River
65735	OL2686150W	/type/work	The Rape of Nanking: The Forgotten Holocaust of World War II
4677037	OL580883W	/type/work	Have You Lived Before This Life
1015401	OL2818820W	/type/work	Possible Worlds
4878641	OL4297272W	/type/work	Young Adam
5237232	OL12167W	/type/work	The Babes in the Wood
13543814	OL2578317W	/type/work	Laidlaw
13868872	OL1883976W	/type/work	Galileo's Daughter: A Historical Memoir of Science, Faith, and Love
13774748	OL15125586W	/type/work	At Home in Mitford
1266563	OL56830W	/type/work	Hogg
11306826	OL5714496W	/type/work	The Tenth City
6704522	OL14865030W	/type/work	Regeneration Trilogy
12234131	OL65140W	/type/work	Godzilla
8013965	OL1882633W	/type/work	The October Horse
16177590	OL448987W	/type/work	Fighter Wing: A Guided Tour of an Air Force Combat Wing
1003825	OL1057183W	/type/work	The Guide
1675265	OL4310023W	/type/work	The Feeling Good Handbook
2665685	OL93569W	/type/work	A Treatise of Human Nature
264104	OL15095117W	/type/work	The Haunted Mask
1230778	OL8720133W	/type/work	Incidents in the Life of a Slave Girl
1656376	OL1057146W	/type/work	A Tiger for Malgudi
9180020	OL2994096W	/type/work	They Shoot Horses, Don't They?
3092045	OL2736255W	/type/work	Abeng
13653611	OL477844W	/type/work	The Stuff of Thought
6567534	OL503835W	/type/work	The Spirit Cabinet
1106189	OL842171W	/type/work	The Lyre of Orpheus
17865380	OL15022457W	/type/work	Swindle
12673973	OL4633706W	/type/work	Bows Against the Barons
1897581	OL15025W	/type/work	A Maggot
1799959	OL72840W	/type/work	Coalescent
8203154	OL74286W	/type/work	Pilgermann
9385098	OL1914090W	/type/work	The Hammer of Eden
5293181	OL12183W	/type/work	Vanity Dies Hard
10372174	OL84873W	/type/work	Fire Ice
4118487	OL80851W	/type/work	Man from Mundania
15888413	OL548199W	/type/work	Leaving Fishers
574991	OL262978W	/type/work	"A Child Called ""It"""
8688036	OL14949893W	/type/work	Dragons in the Waters
6587289	OL16296W	/type/work	Catherine
15141582	OL4135865W	/type/work	The New Answers Book
5570623	OL755471W	/type/work	The Sacred Art of Stealing
13988943	OL3926783W	/type/work	The Moving Toyshop
156209	OL2234905W	/type/work	Strong Poison
11808770	OL14961547W	/type/work	People of the Wolf
6116738	OL14915032W	/type/work	Twelve Sharp
10372180	OL84903W	/type/work	White Death
4118485	OL80823W	/type/work	Heaven Cent
962517	OL59694W	/type/work	The Notebooks of Lazarus Long
5615710	OL84902W	/type/work	Valhalla Rising
9894019	OL28300W	/type/work	Searching for Caleb
12641595	OL5734168W	/type/work	Dissolution
1874945	OL78256W	/type/work	Remembering Babylon
5208727	OL461875W	/type/work	Cerulean Sins
7482662	OL1707550W	/type/work	Hades' Daughter
4762144	OL15095110W	/type/work	Be Careful What You Wish For...
6466422	OL14912647W	/type/work	Dragonsblood
4951184	OL6664380W	/type/work	Fail-Safe
4079528	OL1337123W	/type/work	Jeeves and the Feudal Spirit
11339745	OL7920536W	/type/work	Lion of Macedon
16829053	OL26904W	/type/work	Personal Injuries
493517	OL3524160W	/type/work	K-PAX
1655469	OL4195871W	/type/work	The Power Broker
3756184	OL12171W	/type/work	From Doon With Death
3046836	OL2004264W	/type/work	The Crime at Black Dudley
2906339	OL4024614W	/type/work	Caverns of the Snow Witch
11648848	OL5846404W	/type/work	The Virtu
406281	OL3412165W	/type/work	The Two Cultures
2575346	OL78259W	/type/work	An Imaginary Life
7234900	OL84788W	/type/work	Stormbreaker: The Graphic Novel
45047	OL49630W	/type/work	The Memory of Earth
2022524	OL15075515W	/type/work	Ring of Fire
10852507	OL1812116W	/type/work	Wanderings: Chaim Potok's History of the Jews
6530724	OL14871695W	/type/work	Rules of Engagement
646725	OL2730449W	/type/work	Restoring the Lost Constitution
4844614	OL151981W	/type/work	Henry and Ribsy
6400357	OL6037237W	/type/work	Hello Muddah, Hello Faddah
11868802	OL2182872W	/type/work	The Watch House
16217148	OL477815W	/type/work	Skin Folk
256424	OL5947665W	/type/work	Article 23
6623867	OL1882608W	/type/work	The Grass Crown
607953	OL2722069W	/type/work	Code Complete
6026457	OL14957270W	/type/work	All The Rage
18328052	OL8122361W	/type/work	Lifeblood
17322041	OL33805W	/type/work	Lucky
6508429	OL2951820W	/type/work	Nymphomation
9602243	OL13703598W	/type/work	Planeswalker
1460358	OL50563W	/type/work	Jazz
4493325	OL874063W	/type/work	Gypsy in Amber
4212330	OL35618W	/type/work	Parable of the Talents
2850296	OL94856W	/type/work	Wild Ducks Flying Backward
2374145	OL5742349W	/type/work	The PayPal Wars
14916574	OL5816998W	/type/work	The Copper Scroll
1888922	OL1337115W	/type/work	The Clicking of Cuthbert
5574730	OL5960234W	/type/work	The Dark Ascent
7458308	OL15899W	/type/work	Chaos: Making a New Science
5192047	OL14912461W	/type/work	Gulliverzone
14264829	OL1418217W	/type/work	The Moon Maid
3001381	OL486741W	/type/work	Quarantine
9383142	OL8859417W	/type/work	Blackwater: The Rise of the World's Most Powerful Mercenary Army
17011636	OL17206W	/type/work	Prayers for Rain
1373061	OL3376321W	/type/work	Life in the Iron Mills
10378036	OL3338243W	/type/work	The Dark Secret of Weatherend
16993828	OL4129294W	/type/work	The Unusual Suspects
8781088	OL151970W	/type/work	Ramona's World
7974373	OL3585177W	/type/work	Titanic: The Long Night
1986004	OL5958254W	/type/work	Tietam Brown
2121389	OL994843W	/type/work	Rebecca's Tale
2823228	OL1748416W	/type/work	Paradise City
6861022	OL5843814W	/type/work	Wings To The Kingdom
2358245	OL63054W	/type/work	Winner Take Nothing
2977483	OL2069603W	/type/work	The Ivory Trail
7144608	OL1882607W	/type/work	Fortune's Favourites
4819677	OL1918832W	/type/work	The World and Other Places
2794802	OL4995445W	/type/work	Tootle
7768855	OL5843823W	/type/work	War Is a Force That Gives Us Meaning
189652	OL73348W	/type/work	The Rowan
2881655	OL4452488W	/type/work	All the Shah's Men
10040902	OL8460362W	/type/work	The Extraordinary Adventures of Alfred Kropp
1189697	OL2848601W	/type/work	The Circus of Dr. Lao
15419957	OL856002W	/type/work	The Theory of Evolution
1634068	OL60122W	/type/work	Charmed Life
15317071	OL1914078W	/type/work	Whiteout
1139745	OL448989W	/type/work	The Teeth of the Tiger
11877422	OL1737327W	/type/work	Spider Kiss
156314	OL82931W	/type/work	Light in August
6592494	OL71133W	/type/work	The Weight of Glory and Other Addresses
7280454	OL98662W	/type/work	Flying Blind
3535204	OL468568W	/type/work	Flappers and Philosophers
11287197	OL5737693W	/type/work	First, Break All the Rules: What the World's Greatest Managers Do Differently
954125	OL8070030W	/type/work	Earth Abides
7425376	OL2669544W	/type/work	Finite and Infinite Games
1628783	OL31256W	/type/work	The Grass Is Singing
3887859	OL2004212W	/type/work	Dancers in Mourning
6469907	OL500180W	/type/work	The White Album
17648735	OL9890575W	/type/work	What Happened: Inside the Bush White House and Washington's Culture of Deception
3949059	OL4552077W	/type/work	Albert Angelo
12861046	OL1719805W	/type/work	Little Town on the Prairie
6451023	OL550991W	/type/work	Our Sunshine
10082707	OL14937486W	/type/work	The Cosmology of Bing
6136468	OL6073958W	/type/work	Dragon Keeper
15093466	OL5738152W	/type/work	Alcatraz Versus the Evil Librarians
4239121	OL265000W	/type/work	Polly
15035633	OL5958249W	/type/work	The Hardcore Diaries
954128	OL510435W	/type/work	Lucifer's Hammer
8333784	OL1822231W	/type/work	Ancient Evenings
3307383	OL3261154W	/type/work	Voyager
5963312	OL1826073W	/type/work	The Great Deluge: Hurricane Katrina, New Orleans, and the Mississippi Gulf Coast
657059	OL14871067W	/type/work	HMS Surprise
13195483	OL2652472W	/type/work	The Morning After
39360	OL5036954W	/type/work	Goodbye to All That
11088748	OL14847875W	/type/work	A God in Ruins
380015	OL14912456W	/type/work	Evolution
15003410	OL56824W	/type/work	Distant Stars
5723819	OL4389583W	/type/work	Unconquerable Nation
5265853	OL14861537W	/type/work	Pig Island
4894912	OL2960886W	/type/work	Bound And Gagged: Pornography and the Politics of Fantasy in America
5970467	OL14913391W	/type/work	Magic's Price
15349928	OL155468W	/type/work	Mindspan
6757507	OL6344714W	/type/work	A Book of Enchantments and Curses
10602354	OL6627668W	/type/work	He Do The Time Police In Different Voices
5142779	OL60988W	/type/work	How late it was, how late
6733376	OL8842984W	/type/work	How I Conquered Your Planet
22113	OL6017245W	/type/work	No Logo
9578551	OL92875W	/type/work	A Talent for War
4280562	OL5860158W	/type/work	Elliott Smith and the Big Nothing
6060571	OL108153W	/type/work	Crisscross
5584206	OL3070413W	/type/work	Futurewise
8414758	OL104669W	/type/work	The Stain
924814	OL449013W	/type/work	Patriot Games
14724563	OL8197355W	/type/work	Men of Stone
658974	OL14871068W	/type/work	The Letter of Marque
4532026	OL836063W	/type/work	Morning Star
11962817	OL72842W	/type/work	Emperor
7312895	OL548201W	/type/work	Just Ella
12960463	OL14850168W	/type/work	Alida's Song
663061	OL14931615W	/type/work	A Fall of Moondust
4584283	OL1900624W	/type/work	Yendi
3442163	OL73354W	/type/work	Crystal Singer
5811788	OL461912W	/type/work	Seduced by Moonlight
859791	OL102791W	/type/work	France and England in North America
5191992	OL72827W	/type/work	Longtusk
595410	OL3348010W	/type/work	A Cook's Tour
2299930	OL472871W	/type/work	Cat Among the Pigeons
9858982	OL2008579W	/type/work	Killing Critics
1147250	OL842160W	/type/work	Happy Alchemy
12327476	OL8134596W	/type/work	Compulsion
11644118	OL14850114W	/type/work	Tucket's Home
12023085	OL2738862W	/type/work	Cultural Amnesia: Notes in the Margin of My Time
5513966	OL500174W	/type/work	The Last Thing He Wanted
5191958	OL1954524W	/type/work	Fisherman's Hope
1106316	OL471268W	/type/work	The Assassination of Julius Caesar: A People's History of Ancient Rome
3671622	OL72854W	/type/work	Traces
10539531	OL3791312W	/type/work	The Hosts of Rebecca
4440038	OL60131W	/type/work	Year of the Griffin
16750348	OL5813984W	/type/work	Judge
4125717	OL894241W	/type/work	King of Shadows
8117789	OL2215831W	/type/work	The Man Who Never Missed
1414739	OL1828809W	/type/work	Daughters of the Moon
12559933	OL3924631W	/type/work	Finder
6877204	OL492868W	/type/work	How to Be Popular
12297760	OL14850105W	/type/work	The Tent
17270702	OL5738500W	/type/work	Island of Exiles
5425307	OL14860179W	/type/work	Night Work
3762180	OL86178W	/type/work	Alchemy
6515678	OL1502062W	/type/work	Essays in Radical Empiricism
1179579	OL74221W	/type/work	A Clearing in the Distance: Frederick Law Olmsted and America in the Nineteenth Century
1949032	OL500182W	/type/work	Slouching Towards Bethlehem
352506	OL45308W	/type/work	A Journal of the Plague Year
1550981	OL1326381W	/type/work	Nuns and Soldiers
5624292	OL5810968W	/type/work	Stolen
5427081	OL5709579W	/type/work	Tears of the Oracle
6857095	OL2465685W	/type/work	The Hidden Family
7111340	OL3906364W	/type/work	The Mask of Apollo
6637278	OL15074094W	/type/work	Heart of Gold
8121159	OL78442W	/type/work	The Shakespeare Wars: Clashing Scholars, Public Fiascoes, Palace Coups
14385302	OL999037W	/type/work	Boot Camp
29932	OL515344W	/type/work	The Origin of Species
5968846	OL14913389W	/type/work	Magic's Pawn
848382	OL5731088W	/type/work	The Eagle's Conquest
344101	OL1882191W	/type/work	A Door Into Ocean
12133961	OL1635378W	/type/work	Fox on the Rhine
5331566	OL8110795W	/type/work	Palace of the Red Sun
6185359	OL14860719W	/type/work	The Afghan
6860851	OL5735145W	/type/work	Candyfreak: A Journey through the Chocolate Underbelly of America
14534974	OL45830W	/type/work	Skin And Other Stories
9214276	OL112569W	/type/work	The Fairy Godmother
1106228	OL842146W	/type/work	The Cornish Trilogy
999096	OL6212442W	/type/work	Recursion
475298	OL5730211W	/type/work	Lost in a Good Book
5033548	OL2423197W	/type/work	Kid
10550254	OL477534W	/type/work	Music and Silence
4298363	OL31156W	/type/work	Big Bang
7603496	OL14870338W	/type/work	Deadly Decisions
14666287	OL451156W	/type/work	Dragon Steel
726561	OL2413847W	/type/work	War is a Racket
10924517	OL60882W	/type/work	Close to Critical
3330322	OL810501W	/type/work	The Great War in England in 1897
496941	OL17409W	/type/work	3001: The Final Odyssey
11554227	OL640420W	/type/work	Around the World in 80 Days
7241658	OL1874531W	/type/work	Communion
4523925	OL2046806W	/type/work	The Sunset Gang
10972530	OL2346083W	/type/work	Ben-Hur
10999705	OL2660458W	/type/work	Good King Harry
5842146	OL1812111W	/type/work	Davita's Harp
2291825	OL111704W	/type/work	Killshot
10904356	OL85940W	/type/work	The Boy Who Saved Baseball
17271493	OL14927217W	/type/work	Snow Flower and the Secret Fan
2636302	OL116143W	/type/work	I'm Not Who You Think I Am
14924348	OL3256177W	/type/work	Dreamland Japan: Writings on Modern Manga
13268819	OL5352771W	/type/work	The Runaway Skyscraper
4759357	OL15095139W	/type/work	Why I'm Afraid Of Bees
1681043	OL2250827W	/type/work	Tailchaser's Song
3200279	OL500587W	/type/work	Thimble Summer
5407317	OL5857546W	/type/work	No Future
4481231	OL2377656W	/type/work	And I Don't Want to Live This Life
13345656	OL2128614W	/type/work	Blogging Heroes
3133672	OL36626W	/type/work	The Scapegoat
420565	OL39840W	/type/work	The Secret of the Old Clock
11786509	OL2167387W	/type/work	Skinner's Trail
11338342	OL98682W	/type/work	Road to Perdition
1828832	OL2746395W	/type/work	The Valley of Horses
271163	OL2623312W	/type/work	Save Me the Waltz
9282569	OL112475W	/type/work	A Ride into Morning
3401254	OL1988286W	/type/work	The Last Light of the Sun
7438794	OL8227263W	/type/work	Reminiscences of a Stock Operator
1196343	OL1822335W	/type/work	The Five People You Meet in Heaven
4220551	OL452794W	/type/work	The Outermost House
5434997	OL1881625W	/type/work	Stalingrad: The Fateful Siege, 1942-1943
10080717	OL5846664W	/type/work	Empire of Ivory
9046472	OL263272W	/type/work	The Good Guy
5292850	OL12162W	/type/work	One Across, Two Down
13336203	OL891788W	/type/work	A Man of the People
