18938156	OL540486A	/type/author	J. D. Salinger
966307	OL1003497A	/type/author	Kevin Kelly
231187	OL66035A	/type/author	Jean Baudrillard
333341	OL69677A	/type/author	Stewart Brand
21443	OL19430A	/type/author	Neal Stephenson
15600	OL2629569A	/type/author	James Joyce
8875	OL235668A	/type/author	Dan Simmons
229198	OL382524A	/type/author	Haruki Murakami
54219	OL383116A	/type/author	H. L. Mencken
8095	OL2621475A	/type/author	Donald Knuth
761779	OL20678A	/type/author	Kage Baker
23005	OL274606A	/type/author	Philip K. Dick
7612	OL714579A	/type/author	Christopher Alexander
153926	OL219850A	/type/author	Alison Bechdel
27875	OL27964A	/type/author	Stephen Jay Gould
25523	OL35793A	/type/author	Richard Feynman
30029	OL25712A	/type/author	Terry Pratchett
15872	OL26320A	/type/author	J. R. R. Tolkien
173719	OL20167A	/type/author	Tracy Kidder
566666	OL772166A	/type/author	Peter Norvig
15949	OL34434A	/type/author	James Blish
355632	OL694945A	/type/author	John Keegan
32493	OL237446A	/type/author	Vernor Vinge
695839	OL2685003A	/type/author	Burton Malkiel
375987	OL20934A	/type/author	Connie Willis
568033	OL2623090A	/type/author	E. Annie Proulx
164641	OL336072A	/type/author	Armistead Maupin
9751	OL30250A	/type/author	E. B. White
8758	OL2686822A	/type/author	Douglas Hofstadter
407709	OL392227A	/type/author	Nicholson Baker
1078683	OL752202A	/type/author	Norman Maclean
75154	OL30614A	/type/author	Anne Lamott
16045	OL20903A	/type/author	James Thurber
17257	OL449110A	/type/author	Ken Kesey
26181	OL24137A	/type/author	Ray Bradbury
83117	OL2630682A	/type/author	Henry James
42758	OL365212A	/type/author	Murasaki Shikibu
314336	OL224977A	/type/author	Lewis Mumford
4927143	OL43482A	/type/author	Daniel Berkeley Updike
15824	OL27078A	/type/author	John Updike
43165	OL31120A	/type/author	Toni Morrison
16441	OL218264A	/type/author	Julia Child
456613	OL456480A	/type/author	Larry Gonick
102910	OL230240A	/type/author	Steve Martin
73252	OL2598986A	/type/author	Frank Miller
11891	OL118077A	/type/author	George Orwell
14573	OL34221A	/type/author	Isaac Asimov
3485413	OL359809A	/type/author	Steven T. Seagle
284325	OL28188A	/type/author	Madeleine L'Engle
157426	OL24856A	/type/author	Gene Wolfe
312597	OL710854A	/type/author	Nicholas Meyer
33904	OL30421A	/type/author	William Goldman
299541	OL20994A	/type/author	Frederick Forsyth
984	OL27695A	/type/author	Agatha Christie
12300	OL234664A	/type/author	George R. R. Martin
144871	OL1706751A	/type/author	Earl Derr Biggers
49370	OL142238A	/type/author	Anthony Burgess
95477	OL2793398A	/type/author	Upton Sinclair, Jr.
1696450	OL1389747A	/type/author	Joey Goebel
573092	OL21219A	/type/author	Franklin W. Dixon
205022	OL29487A	/type/author	Alan Dean Foster
33594	OL30256A	/type/author	William S. Burroughs
1647139	OL29882A	/type/author	Julie Anne Peters
312241	OL22672A	/type/author	Ruth Rendell
1179476	OL194665A	/type/author	A. N. Wilson
182812	OL230834A	/type/author	Tom Wolfe
411384	OL1130282A	/type/author	Ruth Plumly Thompson
160180	OL20188A	/type/author	Edith Wharton
179444	OL896624A	/type/author	Leslie Charteris
27885687	OL25342A	/type/author	Mary Shelley
57985	OL2625259A	/type/author	Ian Fleming
69951	OL460288A	/type/author	J. Neil Schulman
444645	OL39307A	/type/author	Dan Brown
2351276	OL27045A	/type/author	Melvin Burgess
42978	OL44633A	/type/author	Jack London
65145	OL66700A	/type/author	Paulo Coelho
939039	OL388649A	/type/author	Jamaica Kincaid
1796277	OL1199434A	/type/author	Henry De Vere Stacpoole
54835	OL21218A	/type/author	Carolyn Keene
21995	OL2675259A	/type/author	Naguib Mahfouz
13623	OL29497A	/type/author	Herman Melville
64688	OL20121A	/type/author	E. M. Forster
18951335	OL2624384A	/type/author	Arthur Conan Doyle
18598148	OL2623461A	/type/author	Arthur C. Clarke
157272	OL18236A	/type/author	Alexandre Dumas
2483229	OL226689A	/type/author	Jacquelyn Mitchard
1267233	OL2702212A	/type/author	David Michaels
62169	OL2657944A	/type/author	Gore Vidal
6097209	OL25161A	/type/author	Orson Scott Card
267989	OL388512A	/type/author	Candace Bushnell
568478	OL282174A	/type/author	Donna Williams
364503	OL1393195A	/type/author	Richard Morgan
950091	OL26982A	/type/author	Jonathan Carroll
28754	OL33600A	/type/author	Saul Bellow
2783502	OL886114A	/type/author	Thomas Rockwell
368058	OL35524A	/type/author	R. L. Stine
74155	OL34888A	/type/author	David Brin
1344874	OL30771A	/type/author	Meg Cabot
11736	OL23364A	/type/author	Frederik Pohl
16283	OL444620A	/type/author	James Clavell
625048	OL1345636A	/type/author	Anthony Berkeley Cox
358192	OL29079A	/type/author	Clive Cussler
14858	OL32312A	/type/author	Iain Banks
15782	OL21594A	/type/author	Jane Austen
15825	OL25788A	/type/author	John Steinbeck
376622	OL26995A	/type/author	Laurell K. Hamilton
15890	OL21491A	/type/author	Jack Kerouac
292059	OL27229A	/type/author	Brian Jacques
15770	OL113611A	/type/author	Jules Verne
750333	OL580795A	/type/author	S. S. Van Dine
1666061	OL32436A	/type/author	F. Paul Wilson
1607289	OL39006A	/type/author	Margaret Haddix
298694	OL383900A	/type/author	Bharati Mukherjee
1863602	OL482363A	/type/author	Mark Dunn
800465	OL22047A	/type/author	Tim LaHaye
1786747	OL32403A	/type/author	Jerry B. Jenkins
6521879	OL1660177A	/type/author	Ruth Manning-Sanders
2649333	OL765409A	/type/author	D.J. MacHale
20762	OL28257A	/type/author	Michael Crichton
434067	OL19887A	/type/author	Margaret Weis
406134	OL448253A	/type/author	Tracy Hickman
43149	OL32983A	/type/author	Ralph Ellison
1627061	OL108675A	/type/author	Shobha De
10852	OL79034A	/type/author	Frank Herbert
1168092	OL31238A	/type/author	Katherine Kurtz
836706	OL392512A	/type/author	John Banville
420617	OL218553A	/type/author	George MacDonald Fraser
38234	OL31384A	/type/author	Diana Wynne Jones
1797486	OL1240676A	/type/author	Blue Balliett
2339174	OL1430285A	/type/author	Holly Black
1187948	OL19363A	/type/author	Gary Paulsen
15927	OL402789A	/type/author	J. G. Ballard
319111	OL23292A	/type/author	Eric Flint
208551	OL25793A	/type/author	Bernard Cornwell
2233734	OL575353A	/type/author	Chris Crutcher
3750935	OL444529A	/type/author	John Myers Myers
982171	OL841112A	/type/author	Donna Tartt
6934531	OL582390A	/type/author	Samantha Weinberg
55490	OL34184A	/type/author	Roald Dahl
13459	OL13066A	/type/author	H. G. Wells
399823	OL23925A	/type/author	Michael Shaara
1646380	OL19786A	/type/author	A. A. Attanasio
367947	OL359798A	/type/author	Thomas Hughes
1152297	OL2086881A	/type/author	Tahar Ben Jelloun
88052	OL1386226A	/type/author	Cate Tiernan
2270754	OL2676697A	/type/author	Jane Lindskold
61267	OL26576A	/type/author	Tamora Pierce
965417	OL756864A	/type/author	David Lindsay
54078	OL388652A	/type/author	Robert Ludlum
3556835	OL40965A	/type/author	Nancy Holder
2204267	OL1395001A	/type/author	Jeff Mariotte
960797	OL3047082A	/type/author	Jaq D. Hawkins
18425	OL2958258A	/type/author	Leopold von Sacher-Masoch
16021	OL20956A	/type/author	John Irving
23669	OL19905A	/type/author	Piers Anthony
65463	OL20243A	/type/author	Graham Greene
12505972	OL27349A	/type/author	F. Scott Fitzgerald
701677	OL221813A	/type/author	Judith Krantz
292062	OL382982A	/type/author	Garth Nix
2207299	OL1424972A	/type/author	James Siegel
4550215	OL403735A	/type/author	Laurie Keller
4420846	OL161275A	/type/author	James Ramsey Ullman
6503945	OL19258A	/type/author	Kathryn Lasky
1134439	OL1386121A	/type/author	Ian Irvine
1046723	OL1387961A	/type/author	Susanna Clarke
31455	OL1385395A	/type/author	Terry Brooks
1022756	OL1224761A	/type/author	James Patterson
161757	OL33909A	/type/author	P. D. James
2093306	OL1393379A	/type/author	Simon Scarrow
143938	OL23535A	/type/author	Daniel Quinn
3601671	OL1452477A	/type/author	John Passarella
311198	OL19482A	/type/author	Louis L'Amour
1464891	OL21691A	/type/author	David Macaulay
1528710	OL1394266A	/type/author	Conn Iggulden
19444	OL66452A	/type/author	Miguel de Cervantes
828135	OL1398754A	/type/author	Malcolm Gladwell
48591	OL30101A	/type/author	Barbara Pym
65140	OL2658808A	/type/author	Samuel Richardson
7573	OL2621804A	/type/author	Clive Barker
1904692	OL248687A	/type/author	Warren Adler
765234	OL29240A	/type/author	Patricia A. McKillip
1567293	OL26365A	/type/author	Todd McCaffrey
8910	OL33088A	/type/author	Dean Koontz
345575	OL225246A	/type/author	Sidney Sheldon
101984	OL24805A	/type/author	Patrick O'Brian
442213	OL1394250A	/type/author	Steven Erikson
2159874	OL28369A	/type/author	Joanne Bertin
176386	OL1762634A	/type/author	Arthur Ransome
4459033	OL776499A	/type/author	Jeanne DuPrau
4357641	OL283967A	/type/author	Cameron Dokey
27884	OL2631678A	/type/author	Walter Scott
44213	OL32271A	/type/author	Theodore Dreiser
983	OL124171A	/type/author	Albert Camus
16496	OL220198A	/type/author	Judy Blume
2819008	OL840268A	/type/author	Irene Hunt
1933747	OL1394865A	/type/author	Brandon Sanderson
23664291	OL197515A	/type/author	Dorothy L. Sayers
4435826	OL19962A	/type/author	Candice F. Ransom
81853	OL242164A	/type/author	Terry Goodkind
876263	OL2631434A	/type/author	Lawrence M. Krauss
298425	OL150266A	/type/author	Umberto Saba
348311	OL33221A	/type/author	Joan Didion
61822	OL34337A	/type/author	Michael Ondaatje
16861	OL20187A	/type/author	Kurt Vonnegut
524306	OL30266A	/type/author	Ian Rankin
1128992	OL113754A	/type/author	E. V. Lucas
26370	OL2645644A	/type/author	Robert Jordan
472560	OL657204A	/type/author	Chris Van Allsburg
18949879	OL20763A	/type/author	Douglas Coupland
4337658	OL2657369A	/type/author	Paul B. Thompson
899812	OL733502A	/type/author	Keri Hulme
314475	OL575487A	/type/author	Carrie Fisher
356410	OL32223A	/type/author	Tom Robbins
503582	OL534333A	/type/author	Rebecca St. James
577923	OL1385346A	/type/author	James Alan Gardner
4517471	OL829391A	/type/author	Olive Ann Burns
390732	OL2623366A	/type/author	Rob Grant
456683	OL2678246A	/type/author	Max Barry
2789147	OL31201A	/type/author	Myla Goldberg
61647	OL19880A	/type/author	Anne McCaffrey
172007	OL72492A	/type/author	Maurice Shadbolt
4481	OL32541A	/type/author	Beatrix Potter
207772	OL27278A	/type/author	Harry Harrison
5836875	OL1394235A	/type/author	Cecilia Dart-Thornton
206389	OL465226A	/type/author	Peter O'Donnell
333250	OL33242A	/type/author	John Maxwell Coetzee
630641	OL21767A	/type/author	Jonathan Lethem
623239	OL336504A	/type/author	Alexander McCall Smith
353462	OL25234A	/type/author	Jack Higgins
409591	OL25849A	/type/author	Thomas Harris
1214167	OL25535A	/type/author	Barry Unsworth
63969	OL24312A	/type/author	Chuck Palahniuk
3159587	OL710234A	/type/author	Richard Christian Matheson
924	OL29881A	/type/author	A. A. Milne
5746612	OL405842A	/type/author	Kate Constable
855628	OL1340172A	/type/author	Antonia Forest
161275	OL22358A	/type/author	Wilkie Collins
34074	OL34096A	/type/author	Witold Gombrowicz
262471	OL237627A	/type/author	Glen Cook
102849	OL22398A	/type/author	Lindsey Davis
681046	OL18722A	/type/author	Jane Yolen
1131959	OL2660181A	/type/author	Adam Roberts
165755	OL116106A	/type/author	Pearl S. Buck
1005844	OL2851A	/type/author	Khushwant Singh
838335	OL29053A	/type/author	Anthony Horowitz
87240	OL23226A	/type/author	Martin Amis
5011298	OL36217A	/type/author	Libba Bray
1008133	OL223145A	/type/author	Peter Farrelly
9657	OL146605A	/type/author	Edgar Rice Burroughs
83499	OL28493A	/type/author	Kazuo Ishiguro
62075	OL217824A	/type/author	Harold Robbins
4521034	OL747137A	/type/author	Melina Marchetta
10858	OL33146A	/type/author	Franz Kafka
172038	OL20985A	/type/author	Laurie R. King
30271	OL40077A	/type/author	Tim Powers
1373754	OL531502A	/type/author	Diana Gabaldon
324581	OL28104A	/type/author	Cormac McCarthy
454695	OL2645254A	/type/author	Walter Moers
40212	OL23207A	/type/author	Harry Turtledove
1524386	OL328884A	/type/author	Charlotte Delbo
99988	OL538087A	/type/author	Olaf Stapledon
1185988	OL20919A	/type/author	Alberto Moravia
38239	OL152307A	/type/author	Hugh Lofting
66877	OL2644192A	/type/author	Daphne du Maurier
26056	OL216556A	/type/author	Robert Anton Wilson
4619765	OL2660314A	/type/author	Dirk Cussler
4544654	OL2923406A	/type/author	Gavin Baddeley
2825320	OL68232A	/type/author	Graham Edwards
22055	OL53305A	/type/author	Neil Gaiman
473512	OL33665A	/type/author	William T. Vollmann
2173143	OL3088892A	/type/author	James Swallow
202155	OL73278A	/type/author	John Cleland
254718	OL39939A	/type/author	Jeffrey Shaara
469859	OL79552A	/type/author	Donald Keene
675488	OL21225A	/type/author	Janet Evanovich
635637	OL1008572A	/type/author	Michael de Larrabeiti
57826	OL19807A	/type/author	Stephen Baxter
84957	OL74469A	/type/author	Theodor Fontane
178887	OL22525A	/type/author	Caroline B. Cooney
659648	OL22443A	/type/author	Pat Barker
180913	OL10240A	/type/author	Ivan Turgenev
2115829	OL92474A	/type/author	Sally Beauman
5884	OL2622293A	/type/author	Charles Dickens
63342	OL136197A	/type/author	P. G. Wodehouse
144369	OL22032A	/type/author	Rex Stout
1417543	OL542762A	/type/author	Miyuki Miyabe
251879	OL237717A	/type/author	Al Franken
25663	OL2632008A	/type/author	Raymond Chandler
1136578	OL1392832A	/type/author	Jon Courtenay Grimwood
521091	OL582856A	/type/author	Martin Caidin
1301943	OL27174A	/type/author	Wilson Rawls
1025125	OL2725727A	/type/author	Gael Baudino
3975949	OL3271841A	/type/author	Emma McLaughlin
5050	OL947811A	/type/author	Bill Bryson
759866	OL292141A	/type/author	Tad Williams
53209	OL236182A	/type/author	Lloyd Alexander
13546	OL18298A	/type/author	Henry Fielding
26243	OL1684660A	/type/author	Robert Bloch
1270566	OL454029A	/type/author	Tobias Wolff
545351	OL1194290A	/type/author	Brian Herbert
37238	OL36575A	/type/author	Kevin J. Anderson
867380	OL2827561A	/type/author	Neal Asher
25389	OL28641A	/type/author	Robert A. Heinlein
105811	OL408063A	/type/author	Charlotte Perkins Gilman
180456	OL2427227A	/type/author	Mary Stewart
1355323	OL369568A	/type/author	Melanie Rawn
501007	OL1106410A	/type/author	Jeff Grubb
89293	OL40139A	/type/author	Robert Forward
4949498	OL24321A	/type/author	Virginia Sorenson
148685	OL141473A	/type/author	Vilhelm Moberg
833777	OL59660A	/type/author	Wolfgang Hohlbein
1164399	OL24769A	/type/author	Kathy Reichs
1023362	OL1238347A	/type/author	Donald Kingsbury
1146295	OL39232A	/type/author	Sarah Waters
555332	OL395837A	/type/author	Robin Hobb
681343	OL1423518A	/type/author	Kelley Armstrong
16449	OL215610A	/type/author	Jerome K. Jerome
904063	OL28165A	/type/author	David Baldacci
184434	OL31496A	/type/author	C. J. Cherryh
1586395	OL39335A	/type/author	Jerry Spinelli
13433	OL33439A	/type/author	Henryk Sienkiewicz
2087822	OL386230A	/type/author	Judith Rossner
176157	OL656393A	/type/author	Thomas L. Friedman
80880	OL766555A	/type/author	Georgette Heyer
17202	OL223138A	/type/author	Kingsley Amis
22981351	OL30405A	/type/author	Jim Crace
2066739	OL1389746A	/type/author	Ann Brashares
634686	OL22429A	/type/author	Greg Rucka
339	OL59188A	/type/author	Ayn Rand
2017775	OL248608A	/type/author	Ann Patchett
596298	OL194404A	/type/author	Jimmy Breslin
375589	OL2644582A	/type/author	John Marsden
999060	OL1638611A	/type/author	Edmund Cooper
8432	OL24453A	/type/author	Dave Barry
710275	OL32217A	/type/author	Ridley Pearson
827142	OL539316A	/type/author	Annette Curtis Klause
37736	OL22865A	/type/author	Roger Zelazny
3350800	OL1395449A	/type/author	Chris Pierson
15823	OL19441A	/type/author	Joseph Conrad
5859969	OL117004A	/type/author	Jean Lee Latham
63689	OL28577A	/type/author	Patricia Highsmith
2961798	OL814492A	/type/author	David Vernon
1074168	OL370202A	/type/author	Moyra Caldecott
2684714	OL217734A	/type/author	Lucia St. Clair Robson
15656	OL228968A	/type/author	John Wyndham
5363922	OL770248A	/type/author	Malcolm Rose
2194001	OL2711066A	/type/author	Douglas Preston
670624	OL1392769A	/type/author	Lincoln Child
170947	OL2623726A	/type/author	Patricia Cornwell
5802055	OL32047A	/type/author	Nancy Willard
1595173	OL273845A	/type/author	Donald James
3838	OL226057A	/type/author	Bruce Sterling
611386	OL1425963A	/type/author	Christopher Paolini
65137	OL21250A	/type/author	Lawrence Durrell
3002947	OL350248A	/type/author	Fred Vargas
960372	OL449104A	/type/author	A. B. Guthrie, Jr.
162182	OL219597A	/type/author	Gaston Leroux
51418	OL29174A	/type/author	Nikos Kazantzakis
1763741	OL29219A	/type/author	Jonathan Stroud
1111022	OL28952A	/type/author	Sebastian Faulks
65447	OL711465A	/type/author	Robert R. McCammon
105657	OL1349906A	/type/author	Eric Frank Russell
5304639	OL1518558A	/type/author	Scott Phillips
195087	OL29774A	/type/author	Louis Sachar
2541727	OL181988A	/type/author	Douglas Niles
96429	OL35145A	/type/author	Flannery O'Connor
16336	OL216755A	/type/author	Jeffrey Archer
19965375	OL1755202A	/type/author	Leonard Cohen
83237	OL735112A	/type/author	David Gemmell
729475	OL1386289A	/type/author	Lynn Flewelling
149895	OL106022A	/type/author	R. K. Narayan
25867	OL236174A	/type/author	Richard Dawkins
154450	OL18319A	/type/author	Mark Twain
3556731	OL66055A	/type/author	Christopher Golden
5858768	OL1432840A	/type/author	Craig Dirgo
5616961	OL3042054A	/type/author	David Wellington
55995	OL221451A	/type/author	K. M. Peyton
210602	OL23038A	/type/author	John Fowles
1449731	OL24396A	/type/author	Kenneth Oppel
79581	OL20588A	/type/author	Daniel Handler
33718	OL21831A	/type/author	William Faulkner
32003	OL20735A	/type/author	Umberto Eco
1383942	OL1435936A	/type/author	Andy Riley
28722	OL26769A	/type/author	Salman Rushdie
335524	OL22665A	/type/author	Vikram Seth
84935	OL18528A	/type/author	John Buchan, 1st Baron Tweedsmuir
164156	OL22583A	/type/author	Willa Cather
504012	OL334390A	/type/author	Mark Gatiss
1801317	OL358573A	/type/author	Steve Moore
30265	OL25277A	/type/author	Tom Clancy
199922	OL241416A	/type/author	Margery Allingham
237852	OL444279A	/type/author	David Lodge
30903	OL384171A	/type/author	Thomas Pynchon
1625	OL2622052A	/type/author	Aleksandr Isayevich Solzhenitsyn
163282	OL1391602A	/type/author	Ricky Gervais
242343	OL235327A	/type/author	Robert Silverberg
26071	OL70357A	/type/author	Robert M. Pirsig
3465773	OL2734139A	/type/author	S. D. Perry
1212924	OL2628433A	/type/author	David Mitchell
432529	OL1005396A	/type/author	Elizabeth George Speare
204636	OL21657A	/type/author	Thomas M. Disch
74621	OL2748628A	/type/author	John Sladek
248333	OL3869A	/type/author	Michail Aleksandrovich Sholokhov
199942	OL221009A	/type/author	Lois Lowry
211274	OL39102A	/type/author	Michael Swanwick
4357795	OL752177A	/type/author	Ashley McConnell
931898	OL433234A	/type/author	Terry Deary
180695	OL21917A	/type/author	Timothy Zahn
397340	OL2657678A	/type/author	Bruno Schulz
911135	OL450538A	/type/author	Mark Helprin
102355	OL689972A	/type/author	Morley Callaghan
911792	OL24282A	/type/author	Eric S. Nylund
412908	OL18978A	/type/author	Elmore Leonard
4795020	OL2802825A	/type/author	Martin Oliver
1749167	OL1394353A	/type/author	Jamie O'Neill
21083854	OL343363A	/type/author	Alasdair Gray
18707	OL32292A	/type/author	Luigi Pirandello
1446274	OL217129A	/type/author	Dorothy Allison
1494706	OL29622A	/type/author	Robin McKinley
4372124	OL38901A	/type/author	Scott Westerfeld
172033	OL465130A	/type/author	John Dickson Carr
1633688	OL38344A	/type/author	Peter Kreeft
4472908	OL713244A	/type/author	Robert Goldsborough
2539643	OL32259A	/type/author	Amelia Atwater-Rhodes
2319987	OL30865A	/type/author	Robert Olen Butler
167576	OL923576A	/type/author	Robert Rankin
959007	OL61295A	/type/author	Hermann Broch
961575	OL956165A	/type/author	Edwin O'Connor
449583	OL453119A	/type/author	Mark Haddon
839748	OL1714264A	/type/author	Vladimir Voinovich
24050	OL28006A	/type/author	Peter F. Hamilton
3800825	OL21020A	/type/author	Mo Hayder
2308476	OL36780A	/type/author	Mel Odom
24994	OL2705452A	/type/author	Peter David
2577973	OL1601536A	/type/author	Troy Denning
1072859	OL1096827A	/type/author	Zona Gale
10393	OL18394A	/type/author	Edward Bulwer-Lytton, 1st Baron Lytton
354214	OL727875A	/type/author	Donald Hamilton
53201	OL230514A	/type/author	David Eddings
143761	OL26435A	/type/author	Ira Levin
14328	OL45249A	/type/author	Hunter S. Thompson
44445	OL23206A	/type/author	Greg Bear
280739	OL714247A	/type/author	John M. Ford
42146	OL107571A	/type/author	Victor Hugo
1529353	OL39133A	/type/author	George Saunders
4124729	OL65861A	/type/author	Gary Zukav
372739	OL216064A	/type/author	Helen Hunt Jackson
5151658	OL2630462A	/type/author	Joseph Delaney
98651	OL32884A	/type/author	Michael Chabon
658648	OL439628A	/type/author	Barry B. Longyear
44191	OL19964A	/type/author	D. H. Lawrence
349699	OL1391288A	/type/author	Alex Sanchez
6391831	OL1475655A	/type/author	Phyllis Eisenstein
25674	OL23561A	/type/author	Richard Bach
4196525	OL1394359A	/type/author	Suzanne Collins
628	OL19767A	/type/author	Aldous Huxley
164100	OL22157A	/type/author	Harriet Beecher Stowe
5076410	OL26069A	/type/author	N. Scott Momaday
201597	OL25176A	/type/author	Gordon R. Dickson
840197	OL220820A	/type/author	Charles Frazier
869600	OL1638890A	/type/author	Charles A. Murray
2720628	OL452430A	/type/author	David Wingrove
2066521	OL46949A	/type/author	Paul Dini
228998	OL454925A	/type/author	Christopher Hitchens
21814770	OL26459A	/type/author	Langston Hughes
6582702	OL2660348A	/type/author	Marisha Pessl
25757	OL72498A	/type/author	Robertson Davies
3153889	OL222484A	/type/author	Sue Miller
617749	OL2480740A	/type/author	Julian Cope
2959635	OL2629318A	/type/author	Neil Strauss
773039	OL242120A	/type/author	Randall Jarrell
78191	OL410117A	/type/author	Nevil Shute
13049	OL24528A	/type/author	George Eliot
2454141	OL25594A	/type/author	John Darnton
269742	OL1392395A	/type/author	Eoin Colfer
1093625	OL417644A	/type/author	Miriam Toews
69168	OL1392192A	/type/author	Alastair Reynolds
443990	OL529113A	/type/author	Alexandra Ripley
4356944	OL1385862A	/type/author	Diana G. Gallagher
2023793	OL1386288A	/type/author	Christie Golden
1408021	OL2645460A	/type/author	Arthur Golden
2593747	OL529915A	/type/author	Virginia Lee Burton
987691	OL219559A	/type/author	Maureen F. McHugh
364358	OL19066A	/type/author	A. S. Byatt
1677893	OL397339A	/type/author	Susan Estrich
3027752	OL27773A	/type/author	Sharon Creech
3992	OL31727A	/type/author	Bram Stoker
1948641	OL2725439A	/type/author	Irma S. Rombauer
209942	OL616455A	/type/author	Anthony Powell
18188	OL2623264A	/type/author	L. Frank Baum
21787	OL26681A	/type/author	Nathaniel Hawthorne
414052	OL402869A	/type/author	Jean M. Auel
9428	OL13640A	/type/author	Ernest Hemingway
2466072	OL1010397A	/type/author	Fannie Hurst
163548	OL18053A	/type/author	E. Nesbit
227458	OL19665A	/type/author	E. L. Doctorow
6726003	OL246312A	/type/author	Michael McCollum
239320	OL355899A	/type/author	Ignatius Donnelly
1915255	OL716700A	/type/author	Francine Pascal
375998	OL21743A	/type/author	Russell Hoban
246124	OL32722A	/type/author	Dave Eggers
1453769	OL2337786A	/type/author	Gwethalyn Graham
2767947	OL1402850A	/type/author	Chetan Bhagat
209892	OL238796A	/type/author	Julian Barnes
179858	OL161177A	/type/author	Dodie Smith
2803945	OL1434857A	/type/author	Richard Paul Russo
180268	OL22984A	/type/author	Ha Jin
5316077	OL1426747A	/type/author	Morag Joss
48555	OL68775A	/type/author	Irvine Welsh
193154	OL27107A	/type/author	Anthony Hope
4707934	OL756881A	/type/author	Christopher Rowley
783923	OL221083A	/type/author	Barbara Kingsolver
18951262	OL39486A	/type/author	Anne Rice
1069110	OL2657094A	/type/author	Aharon Appelfeld
1105739	OL2645205A	/type/author	Paul Scott
1381073	OL25968A	/type/author	George Barr McCutcheon
1707319	OL1394231A	/type/author	John Scalzi
33187	OL33585A	/type/author	W. Somerset Maugham
1430197	OL194880A	/type/author	Sara Douglass
749414	OL105306A	/type/author	Amitav Ghosh
77618	OL188486A	/type/author	Mario Puzo
176935	OL391839A	/type/author	James Baldwin
386786	OL19688A	/type/author	William Sleator
173612	OL30802A	/type/author	Octavia E. Butler
3158450	OL531581A	/type/author	Angie Sage
3485556	OL404612A	/type/author	Craig Shaw Gardner
6332982	OL774417A	/type/author	Bill Buford
3322953	OL40087A	/type/author	David Sherman
3325809	OL445925A	/type/author	Dan Cragg
8091	OL272947A	/type/author	Douglas Adams
63401	OL231965A	/type/author	Stephen Fry
13447	OL2180322A	/type/author	Horace Walpole, 4th Earl of Orford
1404902	OL2629960A	/type/author	Trudi Canavan
756084	OL2633782A	/type/author	John Gardner
201160	OL67141A	/type/author	Adolfo Bioy Casares
4522669	OL32624A	/type/author	Elizabeth Levy
10518	OL20891A	/type/author	Elie Wiesel
141931	OL26997A	/type/author	J. M. Barrie
1185073	OL1391983A	/type/author	Robert Tressell
2361051	OL1437837A	/type/author	Elizabeth Kostova
5855048	OL727155A	/type/author	Maia Wojciechowska
3306756	OL26319A	/type/author	Alice Borchardt
84958	OL22173A	/type/author	Anita Brookner
19500	OL444312A	/type/author	Mervyn Peake
6254904	OL39051A	/type/author	Morgan Llywelyn
2889511	OL1393303A	/type/author	Gregory David Roberts
665393	OL1240098A	/type/author	John Masters
4581410	OL91371A	/type/author	May Gibbs
26308	OL2621550A	/type/author	Rudyard Kipling
53210	OL25926A	/type/author	Marion Zimmer Bradley
256205	OL952410A	/type/author	Robert McCloskey
98597	OL3290636A	/type/author	Samuel Shellabarger
24419	OL194885A	/type/author	Peter Carey
3002600	OL2658569A	/type/author	Paul Stewart
4024653	OL535666A	/type/author	Chris Riddell
4740631	OL403719A	/type/author	Ron Rash
5662905	OL3105385A	/type/author	Kouhei Kadono
1745445	OL196255A	/type/author	Jill Paton Walsh
179596	OL78930A	/type/author	T. Coraghessan Boyle
26444	OL219525A	/type/author	Robert Louis Stevenson
50321	OL220796A	/type/author	Amy Tan
70229	OL2656894A	/type/author	Joan Lindsay
814787	OL890666A	/type/author	Scott O'Dell
21345243	OL2660296A	/type/author	Donatien Alphonse François de Sade, Marquis de Sade
32037	OL31353A	/type/author	Ursula K. Le Guin
1602443	OL238359A	/type/author	Ralph Peters
724764	OL33236A	/type/author	Raymond Benson
400749	OL92942A	/type/author	David Drake
220477	OL1394244A	/type/author	Cory Doctorow
182740	OL558004A	/type/author	John Shirley
37222	OL26545A	/type/author	Philip Pullman
946543	OL241233A	/type/author	Pat Frank
424513	OL22554A	/type/author	Lloyd C. Douglas
2110249	OL26658A	/type/author	Zilpha Keatley Snyder
286228	OL1412233A	/type/author	Jacques Futrelle
7126906	OL2918727A	/type/author	Dorita Fairlie Bruce
1136317	OL408879A	/type/author	Eleanor H. Porter
16315	OL1043820A	/type/author	Joseph Campbell
1152	OL232816A	/type/author	Alan Garner
532456	OL220530A	/type/author	Gregory Keyes
30085	OL22973A	/type/author	Thomas Mann
1608465	OL449675A	/type/author	John Pearson
158097	OL507165A	/type/author	Shirley Jackson
2499901	OL29311A	/type/author	Giles Foden
50714	OL19493A	/type/author	Sinclair Lewis
2833814	OL715648A	/type/author	Charles Major
744717	OL218462A	/type/author	Colson Whitehead
2267837	OL1452221A	/type/author	Brian Keene
52279	OL27681A	/type/author	Ben Elton
45368	OL448939A	/type/author	David Foster Wallace
155736	OL239800A	/type/author	Truman Capote
4353863	OL92915A	/type/author	Pierce Askegren
123612	OL27530A	/type/author	John Rawls
101631	OL220942A	/type/author	Yukio Mishima
234478	OL580551A	/type/author	James M. Cain
11565121	OL258713A	/type/author	Richard Adams
161229	OL23767A	/type/author	Frances Hodgson Burnett
252760	OL232501A	/type/author	Bernard Malamud
567030	OL50259A	/type/author	George Mackay Brown
2825513	OL231686A	/type/author	Gentry Lee
1250279	OL382590A	/type/author	Edward Yourdon
633134	OL1517974A	/type/author	Flavia Bujor
4856091	OL1392635A	/type/author	Gideon Defoe
4357345	OL1425790A	/type/author	Laura Anne Gilman
4357421	OL60480A	/type/author	Josepha Sherman
1085726	OL27775A	/type/author	J. D. Beresford
23932	OL2606417A	/type/author	Patrick White
3660935	OL538081A	/type/author	Robert Antoni
6186548	OL568143A	/type/author	Upamanyu Chatterjee
39449	OL4328814A	/type/author	Mikhail Bulgakov
182240	OL29465A	/type/author	Nelson Algren
374153	OL58855A	/type/author	Herman Wouk
8855	OL2622837A	/type/author	Dr. Seuss
4111450	OL20133A	/type/author	Kiran Desai
51680	OL27144A	/type/author	Paula Danziger
931899	OL4360919A	/type/author	B. Traven
256668	OL86811A	/type/author	Ismail Kadare
152265	OL26626A	/type/author	Richard Brautigan
2961956	OL272486A	/type/author	Harold Keith
353377	OL1392222A	/type/author	John C. Wright
361017	OL397826A	/type/author	S. E. Hinton
4750654	OL226264A	/type/author	John Bibee
60280	OL52922A	/type/author	Margaret Atwood
104121	OL222510A	/type/author	Jean Rhys
1043768	OL1801025A	/type/author	Eugene Burdick
67000	OL227779A	/type/author	Stephen R. Donaldson
13895	OL23361A	/type/author	Hal Clement
75647	OL27077A	/type/author	Carl Hiaasen
3251501	OL1387707A	/type/author	Jack Kerley
4089599	OL31210A	/type/author	David Macfarlane
4457801	OL1518083A	/type/author	Sarah Micklem
4484462	OL1391085A	/type/author	Stephenie Meyer
4734491	OL1434553A	/type/author	Naomi Novik
44845	OL49630A	/type/author	Alessandro Manzoni
1465948	OL840363A	/type/author	Susan Swan
421320	OL126038A	/type/author	Jorge Amado
2894726	OL39841A	/type/author	Gillian Bradshaw
1894358	OL92925A	/type/author	Keith R. A. DeCandido
2783223	OL23432A	/type/author	Elizabeth Yates
4310920	OL2787502A	/type/author	Tim Pratt
5404595	OL220362A	/type/author	Paullina Simons
61998	OL39329A	/type/author	John Grisham
296047	OL116017A	/type/author	Ivan Goncharov
44086	OL317518A	/type/author	Lew Wallace
197050	OL108022A	/type/author	Howard Fast
18210	OL33881A	/type/author	Larry Niven
33119	OL2622975A	/type/author	William Gibson
4795230	OL631271A	/type/author	Lily Brett
2870539	OL92779A	/type/author	Rachel Field
20864	OL2625323A	/type/author	Margaret Mitchell
275044	OL23250A	/type/author	Sean McMullen
794423	OL2657681A	/type/author	Andrei Bely
163404	OL25453A	/type/author	Joanne Harris
1861187	OL546059A	/type/author	Will Shetterly
564357	OL457501A	/type/author	E. L. Konigsburg
877057	OL538274A	/type/author	Dave Wolverton
342948	OL45045A	/type/author	Kristen Britain
25625	OL19731A	/type/author	Richard Matheson
6388260	OL265902A	/type/author	John Green
1742128	OL35868A	/type/author	William Wells Brown
292058	OL30207A	/type/author	John Crowley
1343060	OL21554A	/type/author	Gregory Maguire
4068953	OL1516311A	/type/author	Juliet Marillier
18733	OL21317A	/type/author	Lois McMaster Bujold
1283609	OL28567A	/type/author	Isobelle Carmody
13114	OL230170A	/type/author	Geoff Ryman
181227	OL22132A	/type/author	Beverly Cleary
32619	OL24136A	/type/author	V.S. Naipaul
388084	OL40671A	/type/author	James Ellroy
50631	OL33842A	/type/author	Ford Madox Ford
63101	OL340903A	/type/author	James Hilton
17988	OL53291A	/type/author	Laurence Sterne
4347610	OL389360A	/type/author	Robert Holdstock
412166	OL28221A	/type/author	Linda Sue Park
5803361	OL27450A	/type/author	Betsy Byars
525815	OL77815A	/type/author	Bryce Courtenay
193486	OL21305A	/type/author	Maeve Binchy
13578	OL76437A	/type/author	Hermann Hesse
78239	OL2628715A	/type/author	Julie Andrews
1398851	OL1412764A	/type/author	Khaled Hosseini
191468	OL1393212A	/type/author	Jasper Fforde
1186092	OL420515A	/type/author	David McCullough
5884532	OL33261A	/type/author	Elizabeth Enright
706245	OL236414A	/type/author	Robert Greene
205593	OL30350A	/type/author	Zane Grey
5859024	OL390196A	/type/author	Paul Kemprecos
19358	OL394285A	/type/author	Michael Moorcock
1375162	OL25111A	/type/author	Jon Scieszka
4114648	OL448404A	/type/author	Lane Smith
17269	OL24812A	/type/author	Ken MacLeod
744619	OL31285A	/type/author	Allen Drury
147422	OL32584A	/type/author	Eudora Welty
1624003	OL223753A	/type/author	Anita Diamant
427213	OL656644A	/type/author	Ryu Murakami
151398	OL21808A	/type/author	Philip Roth
371150	OL241532A	/type/author	Flann O'Brien
3719691	OL27549A	/type/author	Mitch Cullin
175458	OL39125A	/type/author	Sue Townsend
2348163	OL227534A	/type/author	Iain Pears
3200483	OL889814A	/type/author	Christianna Brand
261091	OL1096272A	/type/author	Alistair MacLean
2386300	OL1181660A	/type/author	Edwin Balmer
162063	OL215713A	/type/author	Frank Norris
731800	OL592356A	/type/author	Barry N. Malzberg
286841	OL20246A	/type/author	Owen Wister
90114	OL27918A	/type/author	Mark Z. Danielewski
868487	OL33419A	/type/author	Tim Dorsey
164181	OL114334A	/type/author	John A. Hobson
1179445	OL1958514A	/type/author	Geraldine Brooks
8193	OL18283A	/type/author	Daniel Defoe
2235670	OL426279A	/type/author	Leo Perutz
2749855	OL39124A	/type/author	Wendelin Van Draanen
690199	OL39299A	/type/author	Cynthia Voigt
164486	OL2658629A	/type/author	Kate Douglas Wiggin
364972	OL446566A	/type/author	Edward Abbey
33580	OL151016A	/type/author	William Saroyan
284319	OL512381A	/type/author	Joy Kogawa
276003	OL27633A	/type/author	Michael Cunningham
250505	OL227627A	/type/author	Erica Jong
207769	OL26980A	/type/author	Joe Haldeman
60682	OL52840A	/type/author	Mordecai Richler
526058	OL215689A	/type/author	G. A. Henty
382189	OL4728453A	/type/author	Craig Thomas
3907013	OL2074201A	/type/author	Lloyd Osbourne
843070	OL31770A	/type/author	Alan Warner
1001251	OL1427796A	/type/author	Robert Spencer
207596	OL2205533A	/type/author	Cornell Woolrich
2535361	OL24924A	/type/author	Megan Whalen Turner
1793940	OL226803A	/type/author	Gilbert Adair
727918	OL1050930A	/type/author	Frank Yerby
484728	OL23643A	/type/author	Frank E. Peretti
1060171	OL1388250A	/type/author	Ted Dekker
711771	OL398050A	/type/author	Jacqueline Carey
3834236	OL28662A	/type/author	Diana L. Paxson
2376633	OL450011A	/type/author	Fred Bodsworth
82413	OL56353A	/type/author	Boris Vian
5368580	OL1450328A	/type/author	Gianrico Carofiglio
1624755	OL1479823A	/type/author	Alice Sebold
698259	OL27272A	/type/author	Joseph Roth
732652	OL198962A	/type/author	John Saul
594907	OL1279321A	/type/author	Elinor Glyn
22614	OL20646A	/type/author	Oscar Wilde
614146	OL388344A	/type/author	Guy Vanderhaeghe
3018952	OL20476A	/type/author	Ann Rinaldi
943049	OL418477A	/type/author	Ross Macdonald
2784338	OL812291A	/type/author	Robert Lawson
159533	OL220659A	/type/author	Luke Rhinehart
1892230	OL526737A	/type/author	Eric L. Harry
1763600	OL2623131A	/type/author	Susan Hill
284301	OL281439A	/type/author	W. P. Kinsella
571872	OL1475013A	/type/author	William R. Forstchen
5269882	OL578294A	/type/author	Burl Barer
104139	OL4373810A	/type/author	Mary Renault
2908435	OL4728417A	/type/author	Isabelle Holland
1064183	OL27888A	/type/author	Marianne Williamson
256752	OL22570A	/type/author	Jonathan Kellerman
5866243	OL161324A	/type/author	Carolyn Sherwin Bailey
822149	OL39475A	/type/author	Stephen Hunter
287615	OL180670A	/type/author	William Henry Hudson
884963	OL35895A	/type/author	Daniel Keyes
4667	OL41878A	/type/author	Boris Pasternak
3064492	OL1579484A	/type/author	Alistair Beaton
63274	OL18374A	/type/author	Arthur Schnitzler
403520	OL96984A	/type/author	Orhan Pamuk
12333	OL18524A	/type/author	G. K. Chesterton
3891252	OL216245A	/type/author	Kaye Gibbons
6135389	OL538879A	/type/author	Lee Goldberg
514472	OL2703242A	/type/author	Tayeb Salih
2783263	OL454762A	/type/author	Karen Cushman
1466279	OL45046A	/type/author	Celia S. Friedman
581028	OL2675340A	/type/author	Caleb Carr
3493289	OL448584A	/type/author	Sue Monk Kidd
1860421	OL576816A	/type/author	Tim Lucas
1574778	OL2703826A	/type/author	Edward Irving Wortis
372550	OL18766A	/type/author	Kathy Tyers
95408	OL126562A	/type/author	Baroness Orczy
300706	OL445483A	/type/author	Derrick Jensen
148351	OL31872A	/type/author	William Styron
22068	OL1510013A	/type/author	Naomi Klein
2646216	OL41748A	/type/author	Denis Guedj
877014	OL231747A	/type/author	Judith Viorst
843537	OL1604760A	/type/author	Robin Jarvis
925035	OL1394901A	/type/author	Jonathan Safran Foer
950853	OL767331A	/type/author	Alan E. Nourse
4036875	OL26633A	/type/author	Lois Duncan
1119167	OL688478A	/type/author	John McGahern
4458130	OL24967A	/type/author	Rosemary Wells
43153	OL2630454A	/type/author	Richard Wright
849703	OL391847A	/type/author	Gregory Mcdonald
3509809	OL606079A	/type/author	Diane Hoh
1337133	OL1319733A	/type/author	Ethel Lilian Voynich
2861037	OL29215A	/type/author	Rupert Thomson
2260950	OL129940A	/type/author	P. H. Newby
16129	OL2644956A	/type/author	John Brunner
34126	OL335424A	/type/author	William Golding
2619523	OL27253A	/type/author	David Fromkin
1331861	OL32734A	/type/author	Sid Fleischman
5590289	OL1392338A	/type/author	P. J. Tracy
6312000	OL1432532A	/type/author	John Boyne
38293	OL554155A	/type/author	Arthur Machen
208558	OL342629A	/type/author	Johann David Wyss
5190706	OL77010A	/type/author	Nick Earls
6815305	OL1195009A	/type/author	Eric Hodgins
1592911	OL1177118A	/type/author	Wilhelm Jensen
56881	OL29586A	/type/author	Arnold Bennett
498969	OL118219A	/type/author	Daniel J. Boorstin
857794	OL23255A	/type/author	Jerry Stahl
2769747	OL22928A	/type/author	Gail Carson Levine
6173486	OL27270A	/type/author	Paul Levinson
146769	OL2622548A	/type/author	George MacDonald
157994	OL228079A	/type/author	Isabel Allende
5797024	OL20520A	/type/author	Marguerite de Angeli
27640	OL29858A	/type/author	Samuel Beckett
7073866	OL2016748A	/type/author	Talbot Baines Reed
460799	OL22184A	/type/author	Ann Granger
61838	OL456240A	/type/author	Rohinton Mistry
286851	OL22012A	/type/author	Larry McMurtry
16871872	OL2748339A	/type/author	David Weber
2916748	OL43146A	/type/author	William C. Dietz
3601356	OL318444A	/type/author	Garry Kilworth
23677	OL24072A	/type/author	Poul Anderson
2336689	OL1392576A	/type/author	Cecelia Ahern
3830118	OL240678A	/type/author	Lynne Rae Perkins
241842	OL29483A	/type/author	Andrew Clements
1955379	OL1427597A	/type/author	Lauren Weisberger
2471712	OL1392898A	/type/author	Alisa Valdes-Rodriguez
2275016	OL458624A	/type/author	Richard A. Knaak
4517901	OL19057A	/type/author	Christopher Paul Curtis
1964162	OL766024A	/type/author	Hillary Waugh
1140950	OL1516380A	/type/author	Adam Thirlwell
16807	OL19986A	/type/author	Kim Stanley Robinson
408480	OL1482571A	/type/author	Amy Sedaris
2345032	OL2875807A	/type/author	Paul Dinello
335195	OL2875808A	/type/author	Stephen Colbert
1482500	OL1393152A	/type/author	Kevin Guilfoile
978276	OL2644077A	/type/author	John Birmingham
1094504	OL1070502A	/type/author	A. J. Quinnell
792790	OL66432A	/type/author	Emilio Salgari
4606561	OL162026A	/type/author	Lois Lenski
4110342	OL240177A	/type/author	Robert Ferrigno
368209	OL605472A	/type/author	David Michelinie
34381	OL2623083A	/type/author	Yevgeny Zamyatin
3321911	OL1427775A	/type/author	Rebecca Moesta
80026	OL220575A	/type/author	Michael Marshall Smith
319743	OL93286A	/type/author	Joaquim Maria Machado de Assis
875281	OL290608A	/type/author	Robin Klein
4188	OL1195539A	/type/author	Brion Gysin
3256686	OL2644755A	/type/author	Chris Bohjalian
1074155	OL1428037A	/type/author	Philip Reeve
5769	OL232499A	/type/author	C. S. Forester
528088	OL202747A	/type/author	Jaan Kross
391092	OL29961A	/type/author	Wallace Stegner
1203403	OL241478A	/type/author	Philippa Pearce
60730	OL2628573A	/type/author	Lucy Maud Montgomery
640717	OL2348150A	/type/author	Richard Preston
1054282	OL1194994A	/type/author	Louise Fitzhugh
78497	OL450487A	/type/author	Jeff Noon
166498	OL676051A	/type/author	Robert Shea
1194329	OL22019A	/type/author	Virginia C. Andrews
1880186	OL399295A	/type/author	Matthew Stover
17078	OL221740A	/type/author	K. W. Jeter
169873	OL229685A	/type/author	Nick Hornby
1330851	OL22168A	/type/author	Judith McNaught
762288	OL2691443A	/type/author	Charles Nordhoff
765920	OL399687A	/type/author	James Norman Hall
5470311	OL2660262A	/type/author	Åke Edwardson
708826	OL341773A	/type/author	Lewis Grassic Gibbon
2782396	OL19954A	/type/author	T. A. Barron
2085201	OL23459A	/type/author	James Kelman
82683	OL395866A	/type/author	Elliot S! Maggin
315395	OL71604A	/type/author	Simon Raven
5788101	OL450110A	/type/author	Patricia MacLachlan
642847	OL233959A	/type/author	Diane Duane
3700311	OL2308370A	/type/author	Florence L. Barclay
206635	OL382686A	/type/author	Walter M. Miller, Jr.
21018	OL120205A	/type/author	Marcel Proust
848543	OL227384A	/type/author	Ben Marcus
4357598	OL411064A	/type/author	John Vornholt
3253270	OL227697A	/type/author	Lynley Dodd
1138460	OL67776A	/type/author	Russell Miller
989965	OL29910A	/type/author	Tony Earley
199995	OL22022A	/type/author	Barbara Cartland
1698400	OL2704045A	/type/author	Cornelia Funke
4667015	OL20414A	/type/author	Virginia Hamilton
2398116	OL1514878A	/type/author	Jaclyn Moriarty
1603729	OL23294A	/type/author	Dennis Lehane
379756	OL2481089A	/type/author	Tom Gleisner
63376	OL1391432A	/type/author	Evelyn Waugh
2934728	OL535159A	/type/author	Seamus Deane
664084	OL928661A	/type/author	Richard Yates
334683	OL1808739A	/type/author	Eric Rucker Eddison
3218616	OL1392435A	/type/author	Julian Stockwin
63914	OL217374A	/type/author	Chaim Potok
5564310	OL24323A	/type/author	Jean-Christophe Rufin
229139	OL64552A	/type/author	William Thomas Beckford
34452	OL226273A	/type/author	Zora Neale Hurston
96904	OL217730A	/type/author	Alex Haley
275574	OL109674A	/type/author	Will Durant
224720	OL68612A	/type/author	Tobias Smollett
89878	OL24098A	/type/author	Brian Lumley
6115270	OL394799A	/type/author	Michael Reaves
1758306	OL772034A	/type/author	Michael P. Kube-McDowell
192006	OL47492A	/type/author	Christopher Morley
2768625	OL18806A	/type/author	John Nichols
904537	OL717212A	/type/author	Bapsi Sidhwa
504845	OL25918A	/type/author	Robert Erskine Childers
9549	OL2629146A	/type/author	Edgar Allan Poe
1752178	OL2623139A	/type/author	Meindert DeJong
3876202	OL3021356A	/type/author	D. Harlan Wilson
451404	OL39282A	/type/author	Rona Jaffe
162442	OL19603A	/type/author	Booth Tarkington
465923	OL228925A	/type/author	William Horwood
26773	OL59373A	/type/author	Stendhal
517143	OL114139A	/type/author	Oliver Wendell Holmes, Sr.
603717	OL242980A	/type/author	John Gardner
148277	OL2570949A	/type/author	Robert Michael Ballantyne
79953	OL720924A	/type/author	Jeffrey Eugenides
100938	OL296646A	/type/author	Michael Ende
91868	OL221111A	/type/author	Karen Hesse
3382	OL1483759A	/type/author	Britney Spears
3053853	OL382608A	/type/author	James Lincoln Collier
204270	OL340831A	/type/author	Algis Budrys
1078089	OL34295A	/type/author	P. N. Elrod
1486131	OL769264A	/type/author	Ellen Raskin
1073676	OL34163A	/type/author	Anita Desai
2661072	OL379092A	/type/author	Minfong Ho
417548	OL2676660A	/type/author	Mike Resnick
51684	OL30224A	/type/author	Thornton Wilder
195086	OL498120A	/type/author	Harper Lee
233546	OL81486A	/type/author	Jostein Gaarder
546878	OL885338A	/type/author	John Steakley
3027181	OL144229A	/type/author	Marghanita Laski
337013	OL535752A	/type/author	John Knowles
51029	OL796062A	/type/author	George Alec Effinger
292930	OL229997A	/type/author	Jeanette Winterson
850720	OL19673A	/type/author	Robert Cormier
647646	OL234532A	/type/author	Robert Reed
4084980	OL2657370A	/type/author	Mary Kirchoff
804245	OL2675309A	/type/author	Håkan Nesser
5753208	OL765158A	/type/author	Maxine Paetro
5360281	OL20061A	/type/author	Walter Kirn
16017	OL539879A	/type/author	Joanna Russ
539978	OL61475A	/type/author	Jerzy Andrzejewski
33726	OL19725A	/type/author	Washington Irving
499968	OL117832A	/type/author	Erskine Caldwell
181376	OL217475A	/type/author	Bret Easton Ellis
4689764	OL408869A	/type/author	Natalie Babbitt
756364	OL4341376A	/type/author	Gavin Lyall
1254202	OL607727A	/type/author	Andrew Neiderman
144853	OL28314A	/type/author	Dashiell Hammett
288128	OL32650A	/type/author	Peter Straub
95185	OL134914A	/type/author	Frantz Fanon
315864	OL829563A	/type/author	Eiji Yoshikawa
57541	OL21169A	/type/author	Walker Percy
226105	OL2658140A	/type/author	Bill Drummond
1392024	OL301491A	/type/author	Esther Forbes
146905	OL30012A	/type/author	Farley Mowat
666574	OL448591A	/type/author	Joseph Wambaugh
6478279	OL26232A	/type/author	Elizabeth Strout
49619	OL20498A	/type/author	Mercedes Lackey
1997346	OL1478065A	/type/author	David Kushner
6898889	OL2763984A	/type/author	Justin Somper
573667	OL438947A	/type/author	Wilhelm Hauff
1426741	OL470666A	/type/author	David Garnett
6251203	OL1434781A	/type/author	Laila Lalami
3141412	OL227505A	/type/author	Jack D. Schwager
191870	OL560345A	/type/author	William Gaddis
327073	OL222146A	/type/author	Ian McEwan
2577932	OL1087885A	/type/author	Mary Johnston
249550	OL1201416A	/type/author	John Braine
678055	OL956547A	/type/author	Hayford Peirce
4254398	OL1388326A	/type/author	Michael Hoeye
60962	OL3024612A	/type/author	Kathryn H. Kidd
53388	OL2689314A	/type/author	William F. Nolan
1285799	OL2786487A	/type/author	George Clayton Johnson
59600	OL31084A	/type/author	Charles Bukowski
647169	OL151775A	/type/author	Katherine Anne Porter
2579691	OL22819A	/type/author	Paul Fleischman
308039	OL27951A	/type/author	Andre Norton
794050	OL2702395A	/type/author	Lawrence Miles
93585	OL230288A	/type/author	Don DeLillo
3166055	OL1975231A	/type/author	Peter Ward
577658	OL81831A	/type/author	William Peter Blatty
625107	OL2688045A	/type/author	Walter D. Edmonds
959993	OL32519A	/type/author	Jane Smiley
1181034	OL22322A	/type/author	Suzy McKee Charnas
1779016	OL1479546A	/type/author	Stel Pavlou
3504091	OL2948809A	/type/author	Roger Leloup
539670	OL18973A	/type/author	Marjorie Kinnan Rawlings
838355	OL2659889A	/type/author	Charlie Higson
320696	OL539458A	/type/author	Radclyffe Hall
105998	OL2675074A	/type/author	Pär Lagerkvist
209276	OL34125A	/type/author	James Weldon Johnson
75344	OL20196A	/type/author	Max Allan Collins
1811848	OL1315728A	/type/author	Janet Fitch
178759	OL104867A	/type/author	Arundhati Roy
82429	OL150257A	/type/author	Dino Buzzati
63187	OL122169A	/type/author	Erich Maria Remarque
1244143	OL27736A	/type/author	Sharon Shinn
